Item Name,Item Category,,,
Ewaste,Mixed E-waste,,,Ewaste
Waste Management fee for Lut,Services,,,Waste Management fee for Lut
Consultation Charges for LUT,Services,,,Consultation Charges for LUT
E-Waste Collection Fee,Services,,,E-Waste Collection Fee
CEEW1 - CRT monitor & TV,LED/LCD/TV,,,CEEW1 - CRT monitor & TV
"CEEW1 - LED, LCD, TV full unit",LED/LCD/TV,,,"CEEW1 - LED, LCD, TV full unit"
CEEW1 - Loose TV plastics,LED/LCD/TV,,,CEEW1 - Loose TV plastics
CEEW1 - Plasma full unit,LED/LCD/TV,,,CEEW1 - Plasma full unit
CEEW1 - TFT Monitor full unit,LED/LCD/TV,,,CEEW1 - TFT Monitor full unit
ITEW6 Printers,Printer Relevant,,,ITEW6 Printers
Mix E-waste (NGO - KR2 Pick up - 18-06-2020),Mixed E-waste,,,Mix E-waste (NGO - KR2 Pick up - 18-06-2020)
Ewaste Compliance Charges,Services,,,Ewaste Compliance Charges
ITEW 6 Printers & Cartridges,Printer Relevant,,,ITEW 6 Printers & Cartridges
ITEW7 Copying Machines,Copying Machine,,,ITEW7 Copying Machines
Mix E-waste,Mixed E-waste,,,Mix E-waste
E Waste,Mixed E-waste,,,E Waste
Scrap Printers,Printer Relevant,,,Scrap Printers
CEEW 2 - E-waste Scrap Refrigerator,Refrigerator,,,CEEW 2 - E-waste Scrap Refrigerator
Carton Boxes,Others,,,Carton Boxes
E-Waste Collection & Disposal,Others,,,E-Waste Collection & Disposal
Ewaste Collection and Channelisation,Others,,,Ewaste Collection and Channelisation
CEEW 3 - E-waste Scrap Washing Machine,Washing Machine,,,CEEW 3 - E-waste Scrap Washing Machine
E- Waste Awareness,Awareness,,,E- Waste Awareness
E waste disposal,Others,,,E waste disposal
E-waste Awareness,Awareness,,,E-waste Awareness
Scrap Clearing & Disposal,Services,,,Scrap Clearing & Disposal
Consultancy Fee,Services,,,Consultancy Fee
E-waste Collection and Recycling Charges for ITEW 6,Printer Relevant,,,E-waste Collection and Recycling Charges for ITEW 6
E-Waste,Mixed E-waste,,,E-Waste
E-waste Collection & Recycling Charges for ITEW 21,ITEW21,,,E-waste Collection & Recycling Charges for ITEW 21
ITEW 6 - E-waste Scrap Printers & Cartridges,Printer Relevant,,,ITEW 6 - E-waste Scrap Printers & Cartridges
E-Waste Collection & Recycling charges of Refrigerator (CEEW2),Refrigerator,,,E-Waste Collection & Recycling charges of Refrigerator (CEEW2)
E-Waste Collection & Recycling charges of Washing Machine (CEEW3),Washing Machine,,,E-Waste Collection & Recycling charges of Washing Machine (CEEW3)
ITEW 7 - E-waste Scrap copying equipment,Copying Machine,,,ITEW 7 - E-waste Scrap copying equipment
SWP-Transportation,Services,,,SWP-Transportation
E-waste collection and Recycling charges for CEEW 13,CEEW13,,,E-waste collection and Recycling charges for CEEW 13
Composting units,Composting,,,Composting units
E- Waste assets Recycling,Others,,,E- Waste assets Recycling
Service Charge,Services,,,Service Charge
"E-Waste EPR Credit Transfer.
The Service Ensure the Targets of TOTO is credited to TOTO EPR Account from the Authorized Recycler. Submissions to
TOTO will be done by 15th of March every Financial year. As per Annexure -1 1EA ==1 JOB/SET
",Others,,,"E-Waste EPR Credit Transfer.
The Service Ensure the Targets of TOTO is credited to TOTO EPR Account from the Authorized Recycler. Submissions to
TOTO will be done by 15th of March every Financial year. As per Annexure -1 1EA ==1 JOB/SET
"
E-Waste Collection & Recycling charges of Refrigerator (CEEW2) for month of Aug '22,Refrigerator,,,E-Waste Collection & Recycling charges of Refrigerator (CEEW2) for month of Aug '22
E-Waste Collection & Recycling charges of Washing Machine (CEEW3) for month of Aug '22,Washing Machine,,,E-Waste Collection & Recycling charges of Washing Machine (CEEW3) for month of Aug '22
E-Waste Collection & Recycling charges of Refrigerator (CEEW2) for month of Sep '22,Refrigerator,,,E-Waste Collection & Recycling charges of Refrigerator (CEEW2) for month of Sep '22
E-Waste Collection & Recycling charges of Washing Machine (CEEW3) for month of Sep '22,Washing Machine,,,E-Waste Collection & Recycling charges of Washing Machine (CEEW3) for month of Sep '22
E-Waste Collection and Disposal Charges,Services,,,E-Waste Collection and Disposal Charges
E-waste Collection & Recycling Charges of ITEW 6,Printer Relevant,,,E-waste Collection & Recycling Charges of ITEW 6
E-Waste Collection & Recycling charges of Refrigerator (CEEW2) for month of Oct '22,Refrigerator,,,E-Waste Collection & Recycling charges of Refrigerator (CEEW2) for month of Oct '22
E-Waste Collection & Recycling charges of Washing Machine (CEEW3) for month of Oct '22,Washing Machine,,,E-Waste Collection & Recycling charges of Washing Machine (CEEW3) for month of Oct '22
E-Waste Collection & Recycling charges of AC (CEEW4) for month of Oct '22,Air Conditioner,,,E-Waste Collection & Recycling charges of AC (CEEW4) for month of Oct '22
CEEW 4 - Air-conditioners excluding centralised air conditioning plants,Air Conditioner,,,CEEW 4 - Air-conditioners excluding centralised air conditioning plants
E-waste Collection and Recycling Charge of ITEW 15 (Mobiles),Mobiles,,,E-waste Collection and Recycling Charge of ITEW 15 (Mobiles)
Waste Management and Cleaning Services Fee,Services,,,Waste Management and Cleaning Services Fee
E-Waste Collection & Recycling charges of Refrigerator (CEEW2) for month of Nov '22,Refrigerator,,,E-Waste Collection & Recycling charges of Refrigerator (CEEW2) for month of Nov '22
E-Waste Collection & Recycling charges of Washing Machine (CEEW3) for month of Nov '22,Washing Machine,,,E-Waste Collection & Recycling charges of Washing Machine (CEEW3) for month of Nov '22
E-Waste Collection & Recycling charges of AC (CEEW4) for month of Nov '22,Air Conditioner,,,E-Waste Collection & Recycling charges of AC (CEEW4) for month of Nov '22
E-waste Transportation,Services,,,E-waste Transportation
E-Waste Collection & Recycling charges of Refrigerator (CEEW2) for month of Dec '22,Refrigerator,,,E-Waste Collection & Recycling charges of Refrigerator (CEEW2) for month of Dec '22
E-Waste Collection & Recycling charges of Washing Machine (CEEW3) for month of Dec '22,Washing Machine,,,E-Waste Collection & Recycling charges of Washing Machine (CEEW3) for month of Dec '22
ITEW 15 - E waste Mobiles,Mobiles,,,ITEW 15 - E waste Mobiles
E-Waste Collection & Recycling charges of Refrigerator (CEEW2) for the month of Jan '23,Refrigerator,,,E-Waste Collection & Recycling charges of Refrigerator (CEEW2) for the month of Jan '23
E-Waste Collection & Recycling charges of Washing Machine (CEEW3) for month of Jan '23,Washing Machine,,,E-Waste Collection & Recycling charges of Washing Machine (CEEW3) for month of Jan '23
E-Waste Collection & Recycling charges Air-conditioner (CEEW4) for month of Jan '23,Air Conditioner,,,E-Waste Collection & Recycling charges Air-conditioner (CEEW4) for month of Jan '23
E Waste Collection and Channelization Services,Services,,,E Waste Collection and Channelization Services
E-Waste Collection & Recycling charges of Refrigerator (CEEW2) for the month of Feb '23,Refrigerator,,,E-Waste Collection & Recycling charges of Refrigerator (CEEW2) for the month of Feb '23
E-Waste Collection & Recycling charges of Washing Machine (CEEW3) for month of Feb '23,Washing Machine,,,E-Waste Collection & Recycling charges of Washing Machine (CEEW3) for month of Feb '23
E-Waste Collection & Recycling charges of AC (CEEW4) for month of Feb '23,Air Conditioner,,,E-Waste Collection & Recycling charges of AC (CEEW4) for month of Feb '23
E-waste Audit,Others,,,E-waste Audit
Mixed dry waste,Mixed E-waste,,,Mixed dry waste
Battery Waste,Batteries,,,Battery Waste
E waste bin,Mixed E-waste,,,E waste bin
Refurbished Notepad,Others,,,Refurbished Notepad
Refurbished Ipad,Others,,,Refurbished Ipad
CEEW1 - TV stand,LED/LCD/TV,,,CEEW1 - TV stand
E Waste & Non IT Assets,Others,,,E Waste & Non IT Assets
EPR Consultancy Fee,Services,,,EPR Consultancy Fee
Scrap AC & Accessories ï¼ˆCEEW 4ï¼‰,Air Conditioner,,,Scrap AC & Accessories ï¼ˆCEEW 4ï¼‰
Mix cables,Others,,,Mix cables
E Waste Recycling,Others,,,E Waste Recycling
CEEW 13 - Projector,CEEW13,,,CEEW 13 - Projector
E-waste Collection Centres,Others,,,E-waste Collection Centres
E-Waste Collection & Recycling charges of Washing Machine (CEEW3) for month of Apr'22,Washing Machine,,,E-Waste Collection & Recycling charges of Washing Machine (CEEW3) for month of Apr'22
E-Waste Collection & Recycling charges Air-conditioner (CEEW4) for month of Apr'22,Air Conditioner,,,E-Waste Collection & Recycling charges Air-conditioner (CEEW4) for month of Apr'22
E-Waste Collection & Recycling charges of Refrigerator (CEEW2) for month of Apr '22,Refrigerator,,,E-Waste Collection & Recycling charges of Refrigerator (CEEW2) for month of Apr '22
e waste,Mixed E-waste,,,E-waste Collection
E-waste Collection,Others,,,E-Waste Collection & Recycling charges of Refrigerator (CEEW2) for month of May '22
E-Waste Collection & Recycling charges of Refrigerator (CEEW2) for month of May '22,Refrigerator,,,E-Waste Collection & Recycling charges of Washing Machine (CEEW3) for month of May '22
E-Waste Collection & Recycling charges of Washing Machine (CEEW3) for month of May '22,Washing Machine,,,E-Waste Collection & Recycling charges Air-conditioner (CEEW4) for month of May '22
E-Waste Collection & Recycling charges Air-conditioner (CEEW4) for month of May '22,Air Conditioner,,,E-waste Collection & Recycling Charges (ITEW 6 & ITEW 7)
E-waste Collection & Recycling Charges (ITEW 6 & ITEW 7),ITEW 6 & ITEW 7,,,E-Waste Scrap
E-Waste Scrap,Others,,,ITEW 15 - Mobiles
ITEW 15 - Mobiles,Mobiles,,,Cardboard/carton
Cardboard/carton,Others,,,"E Waste Collection and Disposal Services
CFL Bulbs and Tubelights (7201.0 kgs)
Tonners and Cartridges , 77.10Kgs ( Zero Value)"
"E Waste Collection and Disposal Services
CFL Bulbs and Tubelights (7201.0 kgs)
Tonners and Cartridges , 77.10Kgs ( Zero Value)",Services,,,CEEW 1 - E-waste Scrap TV
CEEW 1 - E-waste Scrap TV,LED/LCD/TV,,,E-Waste Collection & Recycling charges of Refrigerator (CEEW2) for month of Jun '22
E-Waste Collection & Recycling charges of Refrigerator (CEEW2) for month of Jun '22,Refrigerator,,,E-Waste Collection & Recycling charges of Washing Machine (CEEW3) for month of June '22
E-Waste Collection & Recycling charges of Washing Machine (CEEW3) for month of June '22,Washing Machine,,,E-waste Collection and Recycling Charges for CEEW 1
E-waste Collection and Recycling Charges for CEEW 1,LED/LCD/TV,,,E-Waste Collection & Recycling charges of Refrigerator (CEEW2) for month of Jul '22
E-Waste Collection & Recycling charges of Refrigerator (CEEW2) for month of Jul '22,Refrigerator,,,E-Waste Collection & Recycling charges of Washing Machine (CEEW3) for month of Jul '22
E-Waste Collection & Recycling charges of Washing Machine (CEEW3) for month of Jul '22,Washing Machine,,,E-Waste Collection & Recycling charges of AC (CEEW4) for month of Jul '22
E-Waste Collection & Recycling charges of AC (CEEW4) for month of Jul '22,Air Conditioner,,,Scrap Lithiuim Ion Batteries
Scrap Lithiuim Ion Batteries,Batteries,,,Scrap Lithium Ion Batteries
Scrap Lithium Ion Batteries,Batteries,,,E-Waste Collection & Recycling charges of Refrigerator (CEEW2) for month of Mar'21
E-Waste Collection & Recycling charges of Refrigerator (CEEW2) for month of Mar'21,Services,,,Incentive E-Waste Collection & Recycling charges of Refrigerator (CEEW2) for month of Mar'21
Incentive E-Waste Collection & Recycling charges of Refrigerator (CEEW2) for month of Mar'21,Services,,,Carton Box
Carton Box,Others,,,Training & Awareness Session on Waste Management
Training & Awareness Session on Waste Management,Awareness,,,Carton Rolls
Carton Rolls,Others,,,E-Waste Collection & Recycling charges of Refrigerator (CEEW2) for month of May'21 & Jun'21
E-Waste Collection & Recycling charges of Refrigerator (CEEW2) for month of May'21 & Jun'21,Refrigerator,,,E-Waste Collection & Recycling charges of Washing Machine (CEEW3) for month of May'21 & Jun'21
E-Waste Collection & Recycling charges of Washing Machine (CEEW3) for month of May'21 & Jun'21,Washing Machine,,,E-Waste Collection & Recycling charges of Refrigerator (CEEW2) for month of May'21
E-Waste Collection & Recycling charges of Refrigerator (CEEW2) for month of May'21,Refrigerator,,,E-Waste Collection & Recycling charges of Refrigerator (CEEW2) for month of June'21
E-Waste Collection & Recycling charges of Refrigerator (CEEW2) for month of June'21,Refrigerator,,,E-Waste Collection & Recycling charges of Washing Machine (CEEW3) for month of June'21
E-Waste Collection & Recycling charges of Washing Machine (CEEW3) for month of June'21,Washing Machine,,,"200AH Batteries
"
"200AH Batteries
",Batteries,,,"120AH Batteries
"
"120AH Batteries
",Batteries,,,160AH Batteries
160AH Batteries,Batteries,,,100AH Batteries
100AH Batteries,Batteries,,,120AH Batteries
120AH Batteries,Batteries,,,65AH Batteries
65AH Batteries,Batteries,,,18AH Batteries
18AH Batteries,Batteries,,,7AH Batteries
7AH Batteries,Batteries,,,26AH Batteries
26AH Batteries,Batteries,,,Exide 26AH Batteries
Exide 26AH Batteries,Batteries,,,Used Oil
Used Oil,Others,,,Lube Oil
Lube Oil,Others,,,Fuel Filters
Fuel Filters,Others,,,Charges payable by Sri Sai Company
Charges payable by Sri Sai Company,Others,,,"
Batteries 65AH
"
"
Batteries 65AH
",Batteries,,," Batteries 42AH
"
" Batteries 42AH
",Batteries,,,"Batteries 70AH
"
"Batteries 70AH
",Batteries,,,"Batteries 120AH
"
"Batteries 120AH
",Batteries,,,"Batteries 100 AH
"
"Batteries 100 AH
",Batteries,,, Batteries 42AH
 Batteries 42AH,Batteries,,,"Batteries 75Ah
"
"Batteries 75Ah
",Batteries,,,"Batteries 150Ah
"
"Batteries 150Ah
",Batteries,,,Batteries Inverter 3kva
"Batteries 120Ah
",Batteries,,,Batteries Inverter 5kva
Batteries Inverter 3kva,Batteries,,,Batteries Inverter 7.5kva
Batteries Inverter 5kva,Batteries,,,Batteries APC 850Kva
Batteries Inverter 7.5kva,Batteries,,,Batteries Inverter 2kva
Batteries APC 850Kva,Batteries,,,Services charges 
Batteries Inverter 2kva,Batteries,,,65 AH Rocket Batteries
Services charges ,Services,,,120 AH Rocket Batteries
65 AH Rocket Batteries,Batteries,,,100 AH Rocket Batteries
120 AH Rocket Batteries,Batteries,,,65 AH Quanta Batteries
100 AH Rocket Batteries,Batteries,,,42 AH Rocket Batteries
65 AH Quanta Batteries,Batteries,,,18 AH Rocket Batteries
42 AH Rocket Batteries,Batteries,,,12 AH Batteries
18 AH Rocket Batteries,Batteries,,,7.2 AH Batteries
12 AH Batteries,Batteries,,,4.5 AH Batteries
7.2 AH Batteries,Batteries,,,Charges payable by Greens Recology
4.5 AH Batteries,Batteries,,,Scrap Laptops 
Charges payable by Greens Recology,Others,,,Scrap Samsung Mobiles
Scrap Laptops ,Laptop,,,E Waste Disposal Coordination Charges
Scrap Samsung Mobiles,Mobiles,,,E-Waste Collection & Recycling charges of TV (CEEW1)
E Waste Disposal Coordination Charges,Services,,,Discount
E-Waste Collection & Recycling charges of TV (CEEW1),LED/LCD/TV,,,IBM x3650 M4 (7915-AC1)
Discount,Others,,,IBM  x3650 M4 (7915-C2A)
IBM x3650 M4 (7915-AC1),Laptop,,,"IBM  x3650 M4 (7915-C2A)
"
IBM  x3650 M4 (7915-C2A),Laptop,,,E-Waste Collection & Recycling charges of Refrigerator (CEEW2) for month of Jul'21 & Aug'21
"IBM  x3650 M4 (7915-C2A)
",Laptop,,,E-Waste Collection & Recycling charges of Washing Machine (CEEW3) for month of Jul '21 & Aug '21
E-Waste Collection & Recycling charges of Refrigerator (CEEW2) for month of Jul'21 & Aug'21,Refrigerator,,,Mixed E Waste
E-Waste Collection & Recycling charges of Washing Machine (CEEW3) for month of Jul '21 & Aug '21,Washing Machine,,,Waste Management Services
Mixed E Waste,Mixed E-waste,,,Transportation
Waste Management Services,Services,,,ITEW 2 - Personal Computers (Central Processing Unit with Input and Output devices)
Transportation,Others,,,Process and Handling Fee
ITEW 2 - Personal Computers (Central Processing Unit with Input and Output devices),ITEW2,,,"IBM x3650 M4 (7915-AC1)
IBM x3650 M4 (7915-AC1)
IBM x3650 M4 (7915-AC1)
IBM x3650 M4 (7915-AC1)
IBM  x3650 M4 (7915-C2A)
IBM  x3650 M3 - 7945-I6A
IBM  x3650 M3 - 7945-I6A"
Process and Handling Fee,Services,,,"IBM x3650 M4 (7915-AC1)
IBM x3650 M4 (7915-AC1)
IBM x3650 M4 (7915-AC1)
IBM x3650 M4 (7915-AC1)
IBM  x3650 M4 (7915-C2A)
IBM  x3650 M3 - 7945-I6A
IBM  x3650 M3 - 7945-I6A
"
"IBM x3650 M4 (7915-AC1)
IBM x3650 M4 (7915-AC1)
IBM x3650 M4 (7915-AC1)
IBM x3650 M4 (7915-AC1)
IBM  x3650 M4 (7915-C2A)
IBM  x3650 M3 - 7945-I6A
IBM  x3650 M3 - 7945-I6A",Laptop,,,E-Waste Collection & Recycling charges of Refrigerator (CEEW2) for the month of Mar '23
"IBM x3650 M4 (7915-AC1)
IBM x3650 M4 (7915-AC1)
IBM x3650 M4 (7915-AC1)
IBM x3650 M4 (7915-AC1)
IBM  x3650 M4 (7915-C2A)
IBM  x3650 M3 - 7945-I6A
IBM  x3650 M3 - 7945-I6A
",Laptop,,,E-Waste Collection & Recycling charges of Washing Machine (CEEW3) for month of Mar '23
E-Waste Collection & Recycling charges of Refrigerator (CEEW2) for the month of Mar '23,Refrigerator,,,Li-ion Battery-Scrap
E-Waste Collection & Recycling charges of Washing Machine (CEEW3) for month of Mar '23,Washing Machine,,,Consulting services-Scientific and technical
Li-ion Battery-Scrap,Batteries,,,Consultancy Services
Consulting services-Scientific and technical,Services,,,Used Waste Oils
Consultancy Services,Services,,,E-waste Collection & Recycling Charges ITEW 21
Used Waste Oils,Others,,,ITEW 21 - E-waste Scanner
E-waste Collection & Recycling Charges ITEW 21,Scanner,,,Scrap Rubber
ITEW 21 - E-waste Scanner,Scanner,,,E - Waste Collection and Recycling Charges (ITEW 2)
Scrap Rubber,Others,,,Services for Virtual E Waste Awareness
E - Waste Collection and Recycling Charges (ITEW 2),ITEW2,,,E-Waste Collection & Recycling charges of Refrigerator (CEEW2) for month of Sep'21 & Oct'21
Services for Virtual E Waste Awareness,Services,,,E-Waste Collection & Recycling charges of Washing Machine (CEEW3) for month of Sep'21 & Oct'21
E-Waste Collection & Recycling charges of Refrigerator (CEEW2) for month of Sep'21 & Oct'21,Refrigerator,,,E-Waste Collection & Recycling charges Refrigerator (CEEW2) for month of Sep'21 & Oct'21
E-Waste Collection & Recycling charges of Washing Machine (CEEW3) for month of Sep'21 & Oct'21,Washing Machine,,,E-Waste Collection & Recycling charges Washing Machine (CEEW3) for month of Sep'21 & Oct'21
E-Waste Collection & Recycling charges Refrigerator (CEEW2) for month of Sep'21 & Oct'21,Refrigerator,,,"Dell 7440
"
E-Waste Collection & Recycling charges Washing Machine (CEEW3) for month of Sep'21 & Oct'21,Washing Machine,,,"Dell 6420
"
"Dell 7440
",Laptop,,,"Dell 6440
"
"Dell 6420
",Laptop,,,"Dell D630
"
"Dell 6440
",Laptop,,,"Dell 7240
"
"Dell D630
",Laptop,,,"Lenovo T410
"
"Dell 7240
",Laptop,,,"Iphone 6s
"
"Lenovo T410
",Laptop,,,"Samsung
 Mobile"
"Iphone 6s
",Laptop,,,"Ipad
"
"Samsung
 Mobile",Laptop,,,"Epbax
"
"Ipad
",Laptop,,,ITEM 9 - User Terminals and Sysytems
"Epbax
",Laptop,,,E-waste Collection & Recycling Charges (ITEW - 9 User Terminals and Systems)
ITEM 9 - User Terminals and Sysytems,ITEW9,,,Tender Fee
E-waste Collection & Recycling Charges (ITEW - 9 User Terminals and Systems),ITEW9,,,"MacBook Pro (13-inch, Mid 2012)
C1MQV0F9DTY3
"
Tender Fee,Others,,,"MacBook Pro (13-inch, Mid 2012)
C1MRP0HXDTY3

"
"MacBook Pro (13-inch, Mid 2012)
C1MQV0F9DTY3
",Laptop,,,"MacBook Pro (13-inch, Mid 2012)
C1MRQ3G7DTY3
"
"MacBook Pro (13-inch, Mid 2012)
C1MRP0HXDTY3

",Laptop,,,"MacBook Pro (13-inch, Mid 2012)
C1MQM6Y2DTY3

"
"MacBook Pro (13-inch, Mid 2012)
C1MRQ3G7DTY3
",Laptop,,,"MacBook Pro (13-inch, Mid 2012)
C1MQV0F8DTY3

"
"MacBook Pro (13-inch, Mid 2012)
C1MQM6Y2DTY3

",Laptop,,,"MacBook Pro (13-inch, Mid 2012)
C1MDM79HDTY3
"
"MacBook Pro (13-inch, Mid 2012)
C1MQV0F8DTY3

",Laptop,,,"MacBook Pro (13-inch, Mid 2012)
C1MPJ7LXDTY3
"
"MacBook Pro (13-inch, Mid 2012)
C1MDM79HDTY3
",Laptop,,,"MacBook Pro (13-inch, Mid 2012)
C1MSD2BLDTY3
"
"MacBook Pro (13-inch, Mid 2012)
C1MPJ7LXDTY3
",Laptop,,,"MacBook Pro (13-inch, Mid 2012)
C1MRP0FTDTY3
"
"MacBook Pro (13-inch, Mid 2012)
C1MSD2BLDTY3
",Laptop,,,"MacBook Pro (13-inch, Mid 2012)
C1MPL0UPDTY3
"
"MacBook Pro (13-inch, Mid 2012)
C1MRP0FTDTY3
",Laptop,,,"MacBook Pro (13-inch, Mid 2012)
C1MQV0KHDTY3
"
"MacBook Pro (13-inch, Mid 2012)
C1MPL0UPDTY3
",Laptop,,,"MacBook Pro (13-inch, Mid 2012)
C1MRP0G8DTY3
"
"MacBook Pro (13-inch, Mid 2012)
C1MQV0KHDTY3
",Laptop,,,"MacBook Pro (13-inch, Mid 2012)
C1MSD2DPDTY3
"
"MacBook Pro (13-inch, Mid 2012)
C1MRP0G8DTY3
",Laptop,,,"MacBook Pro (13-inch, Mid 2012)
C02JCV1VDTY3
"
"MacBook Pro (13-inch, Mid 2012)
C1MSD2DPDTY3
",Laptop,,,"MacBook Pro (13-inch, Mid 2012)
C1MS65TEDTY3
"
"MacBook Pro (13-inch, Mid 2012)
C02JCV1VDTY3
",Laptop,,,"MacBook Pro (13-inch, Mid 2012)
C1MQV0L9DTY3

"
"MacBook Pro (13-inch, Mid 2012)
C1MS65TEDTY3
",Laptop,,,"MacBook Pro (13-inch, Mid 2012)
C1MPL0QWDTY3

"
"MacBook Pro (13-inch, Mid 2012)
C1MQV0L9DTY3

",Laptop,,,"MacBook Pro (13-inch, Mid 2012)
C1MS7091DTY3

"
"MacBook Pro (13-inch, Mid 2012)
C1MPL0QWDTY3

",Laptop,,,"MacBook Pro (13-inch, Mid 2012)
C1MRT6NYDTY3
"
"MacBook Pro (13-inch, Mid 2012)
C1MS7091DTY3

",Laptop,,,"MacBook Pro (13-inch, Mid 2012)
C1MPL0Y6DTY3
"
"MacBook Pro (13-inch, Mid 2012)
C1MRT6NYDTY3
",Laptop,,,"MacBook Pro (13-inch, Mid 2012)
C1MS7091DTY3
"
"MacBook Pro (13-inch, Mid 2012)
C1MPL0Y6DTY3
",Laptop,,,"MacBook Pro (13-inch, Mid 2012)
C1MSD269DTY3
"
"MacBook Pro (13-inch, Mid 2012)
C1MS7091DTY3
",Laptop,,,"15-inch MacBook Pro 2015
C02VP0W6G8WN
"
"MacBook Pro (13-inch, Mid 2012)
C1MSD269DTY3
",Laptop,,,"15-inch MacBook Pro 2015
C02VP0YZG8WN
"
"15-inch MacBook Pro 2015
C02VP0W6G8WN
",Laptop,,,"15-inch MacBook Pro 2015
C02VV0DTG8WN
"
"15-inch MacBook Pro 2015
C02VP0YZG8WN
",Laptop,,,"15-inch MacBook Pro 2015
C02W90LTG8WN
"
"15-inch MacBook Pro 2015
C02VV0DTG8WN
",Laptop,,,"15-inch MacBook Pro 2015
C02W24LHG8WN
"
"15-inch MacBook Pro 2015
C02W90LTG8WN
",Laptop,,,"15-inch MacBook Pro 2015
C02WQ0Q3G8WN
"
"15-inch MacBook Pro 2015
C02W24LHG8WN
",Laptop,,,"15-inch MacBook Pro 2015
C02WP1KRG8WN
"
"15-inch MacBook Pro 2015
C02WQ0Q3G8WN
",Laptop,,,"15-inch MacBook Pro 2015
C02WP15LG8WN
"
"15-inch MacBook Pro 2015
C02WP1KRG8WN
",Laptop,,,"15-inch MacBook Pro 2015
C02WP13FG8WN
"
"15-inch MacBook Pro 2015
C02WP15LG8WN
",Laptop,,,"15-inch MacBook Pro 2015
C02VVOAGG8WN
"
"15-inch MacBook Pro 2015
C02WP13FG8WN
",Laptop,,,"13-inch MacBook Pro 2017
FVFYG9T2HV29
"
"15-inch MacBook Pro 2015
C02VVOAGG8WN
",Laptop,,,"LENOVO T540P
R90GQUSD
"
"13-inch MacBook Pro 2017
FVFYG9T2HV29
",Laptop,,,"LENOVO T460
PC079HJD
"
"LENOVO T540P
R90GQUSD
",Laptop,,,"Lenovo T450
PC09P26S
"
"LENOVO T460
PC079HJD
",Laptop,,,"DELL-INSPIRON
6G39T12
"
"Lenovo T450
PC09P26S
",Laptop,,,"DELL-VOSTRO
6TQ0832
"
"DELL-INSPIRON
6G39T12
",Laptop,,,"LENOVO T460
PC0JLW6C
"
"DELL-VOSTRO
6TQ0832
",Laptop,,,"DELL-INSPIRON
HTK8102
"
"LENOVO T460
PC0JLW6C
",Laptop,,,"C0EAE4854200
SonicWall
"
"DELL-INSPIRON
HTK8102
",Laptop,,,"161604300624
ZF 7372
"
"C0EAE4854200
SonicWall
",Laptop,,,"351502001668
ZF 7372
"
"161604300624
ZF 7372
",Others,,,"20141290249
Opti Link
"
"351502001668
ZF 7372
",Others,,,E-Waste Collection & Recycling charges of Refrigerator (CEEW2) for month of Nov '21
"20141290249
Opti Link
",Others,,,E-Waste Collection & Recycling charges Washing Machine (CEEW3) for month of Nov'21
E-Waste Collection & Recycling charges of Refrigerator (CEEW2) for month of Nov '21,Refrigerator,,,E-Waste Collection & Recycling charges of Washing Machine (CEEW3) for the month of Nov '21
E-Waste Collection & Recycling charges Washing Machine (CEEW3) for month of Nov'21,Washing Machine,,,"Monitor 19"" inch (Working)
"
E-Waste Collection & Recycling charges of Washing Machine (CEEW3) for the month of Nov '21,Washing Machine,,,"Keyboards
"
"Monitor 19"" inch (Working)
",Laptop,,,"Mouse
"
"Keyboards
",Laptop,,,"Laptop (Not Working)
"
"Mouse
",Laptop,,,"DVD Readers
"
"Laptop (Not Working)
",Laptop,,,"CPU (Not working)
"
"DVD Readers
",Laptop,,,"Monitor(Not Working)
"
"CPU (Not working)
",Laptop,,,"Cables
"
"Monitor(Not Working)
",Laptop,,,"Power Cables
"
"Cables
",Batteries,,,"7.2 AH
"
"Power Cables
",Batteries,,,42 AH
"7.2 AH
",Batteries,,,65 AH
42 AH,Batteries,,,100 AH
65 AH,Batteries,,,26 AH Amaron Batteries
100 AH,Batteries,,,42 AH Amaron Batteries
26 AH Amaron Batteries,Batteries,,,65 AH Amaron Batteries
42 AH Amaron Batteries,Batteries,,,E-Waste Collection & Recycling charges of Refrigerator (CEEW2) for month of Dec '21
65 AH Amaron Batteries,Batteries,,,E-Waste Collection & Recycling charges of Washing Machine (CEEW3) for the month of Dec '21
consultancy services,Batteries,,,"Acer E5-551
Hp I3
Lenovo
Lenovo
Asus 15, X555L
Dell
Lenovo Idea Pad
Lenovo E4080
Lenovo i3 G5080
Asus I3 A555L
Asus R558U
Asus I3 A555L
Asus EeePC
Asus I3 A556U
Asus I3 A555L
Asus I3 A555L
Samsung 300E
Asus R558U
Asus I3 A555L
"
E-Waste Collection & Recycling charges of Refrigerator (CEEW2) for month of Dec '21,Services,,,"CAT Cables
"
E-Waste Collection & Recycling charges of Washing Machine (CEEW3) for the month of Dec '21,Services,,,"Water purifier
Electric Kettle
First Aid Box
Tissue paper dispenser
Extension boards
"
"Acer E5-551
Hp I3
Lenovo
Lenovo
Asus 15, X555L
Dell
Lenovo Idea Pad
Lenovo E4080
Lenovo i3 G5080
Asus I3 A555L
Asus R558U
Asus I3 A555L
Asus EeePC
Asus I3 A556U
Asus I3 A555L
Asus I3 A555L
Samsung 300E
Asus R558U
Asus I3 A555L
",Laptop,,,E-waste Collection Charges
"CAT Cables
",Laptop,,,Solar Panels Disposal
"Water purifier
Electric Kettle
First Aid Box
Tissue paper dispenser
Extension boards
",Others,,,E-Waste Collection & Recycling charges of Refrigerator (CEEW2) for month of Jan '22
E-waste Collection Charges,Batteries,,,E-Waste Collection & Recycling charges of Washing Machine (CEEW3) for the month of Jan '22
Solar Panels Disposal,Batteries,,,Laptops
E-Waste Collection & Recycling charges of Refrigerator (CEEW2) for month of Jan '22,Batteries,,,E-Waste awareness Program
E-Waste Collection & Recycling charges of Washing Machine (CEEW3) for the month of Jan '22,Batteries,,,E-Waste Collection & Recycling charges of Refrigerator (CEEW2) for month of Feb '22
Laptops,Services,,,E-Waste Collection & Recycling charges of Washing Machine (CEEW3) for the month of Feb '22
E-Waste awareness Program,Batteries,,,"20 KVA UPS, 26 AH Batteries"
E-Waste Collection & Recycling charges of Refrigerator (CEEW2) for month of Feb '22,Batteries,,,"15 KVA UPS, 26 AH Batteries"
E-Waste Collection & Recycling charges of Washing Machine (CEEW3) for the month of Feb '22,Batteries,,,Scrap Office Goods
"20 KVA UPS, 26 AH Batteries",Batteries,,,Composting accessories
"15 KVA UPS, 26 AH Batteries",Batteries,,,Gloves
Scrap Office Goods,Batteries,,,Transportation.
Composting accessories,Batteries,,,Iron
Gloves,Batteries,,,Mild Steel - Raw Material
Transportation.,Batteries,,,MIX PLASTIC
Iron,Others,,,CEEW1 - Cables
Mild Steel - Raw Material,Services,,,Copper Scrap
MIX PLASTIC,Others,,,Mixed Plastic
CEEW1 - Cables,LED/LCD/TV,,,Scrap Copper Cables
Copper Scrap,Others,,,Iron Sheets
Mixed Plastic,Others,,,Low Value Plastic
Scrap Copper Cables,Others,,,Server Racks and Cable Accessories
Iron Sheets,Others,,,Battery Waste Recycling
Low Value Plastic,Others,,,Chair
Server Racks and Cable Accessories,Others,,,Table
Battery Waste Recycling,Batteries,,,EPR Battery Portal Charges to CPCB online
Chair,Others,,,Servers-HPE ProLiant DL380 Gen10
Table,Others,,,Switches - Arista 7060CX-32S
EPR Battery Portal Charges to CPCB online,Batteries,,,E-waste Collection & Recycling Charges ITEW 7
Servers-HPE ProLiant DL380 Gen10,Laptop,,,"
Processing and Handling Fee"
Switches - Arista 7060CX-32S,Batteries,,,Recycled Paper
E-waste Collection & Recycling Charges ITEW 7,Copying Machines,,,Recycled Paper Pencils
E-Waste,Mixed E-waste,,,Recycled TP - Pen Stand (Single Cavity)
"
Processing and Handling Fee",Others,,,Recycled Paper - Pen
Recycled Paper,Others,,,A1 sheets
Recycled Paper Pencils,Others,,,Hardbound Diaries
Recycled TP - Pen Stand (Single Cavity),Others,,,"Part 3 of 4
DC- 2966, 2967, 2968, 3742
Date - 26,27,30,31 July 2019"
Recycled Paper - Pen,Others,,,Overcoat of SZW
A1 sheets,Others,,,Waste Management Service
Hardbound Diaries,Others,,,Transportation Charges
"Part 3 of 4
DC- 2966, 2967, 2968, 3742
Date - 26,27,30,31 July 2019",Others,,,E-waste Collection and Recycling Charges (ITEW 2)
Overcoat of SZW,Others,,,
Waste Management Service,Services,,,
Transportation Charges,Others,,,
E-waste Collection and Recycling Charges (ITEW 2),ITEW2,,,
