Item Name,Category,Delete
1 '' PVc clamp P,PVC Items,
1 '' PVC Pipe 2 mm,PVC Items,
"1 Ethical Paper - 25"" X 36 "" - 80 gsm",Recycled paper Products,
1 HP motor repaired,Repairs and Maintenance,
1 mm Washer,Elecric & Machine Tools,
1'' Pop screw,Elecric & Machine Tools,
1'' PVC Band,PVC Items,
1'' PVC Colar,PVC Items,
1'' PVC Hose Pipe,PVC Items,
1 SQ MM WIRE,Elecric & Machine Tools,
"1"" Pop screw",Elecric & Machine Tools,
"1"" Pvc Hose pipe",PVC Items,
1.0*4 4 Core cable,PVC Items,
1.5 mm 2 core copper cable,Wire,
1.5 sq mm 2 core cable (15 mtr),Wire,
1.5SQ MM WIRE,Wire,
1.5sqmm redwire  2 coil,Wire,
1/2 Hp Motor,Machine,
10 HP Motor Rewinding Work,Machine,
10 sqmm flexible cable ,Wire,
100 G ACCURACY,Others,
100 Watt Light,Lighting Items,
100 X 150 MM ( 1AC DT,Wire,
100gms,Others,
100watt Led Flood Light,Lighting Items,
10mm copper wire,Wire,
10mm lugs,Elecric & Machine Tools,
10mm Wires 30 meater,Wire,
10sqmm Pin Type Lug,Elecric & Machine Tools,
10sqmm Ring Type Lug,Elecric & Machine Tools,
1173_12 Adjustable Spanner,Elecric & Machine Tools,
11MM RUBBER BOARD,Rubber,Remove
12 MM RECYCLE PLASTIC SHEET,Plastics,
12 V Battery,Battery,
1200MM Ceiling Fan,Fan,
12ft Roofing Sheet,Recycled Roofing Sheet,
12mm,Others,
12MM RECYCLED PLASTIC SHEET,Plastics,
12mm),Others,
12modular type box,Elecric & Machine Tools,
12V 65AH SMF Battery,Battery,
12V Battery,Battery,
14inch,Others,
150gms,Others,
16 Amps 3 pin plug,Elecric & Machine Tools,
16 Amps Socket,Elecric & Machine Tools,
16 Amps switch,Elecric & Machine Tools,
16 sq. mm Copper Wire,Wire,
16 sqmm flexible cable ,Wire,
16 sqmm Ring Type Lug,Elecric & Machine Tools,
16A Socket,Elecric & Machine Tools,
16A Switch,Elecric & Machine Tools,
16Amps 3 Pin Plug,Elecric & Machine Tools,
16AMPS SP MCB,Elecric & Machine Tools,
16sqmm Pin Type Lug,Elecric & Machine Tools,
1736 L Handle,Others,
18mm,Others,
18MM RECYCLED PLASTIC SHEET,Plastics,
19 MM PVC BEND,PVC Items,
19MM PVC PIPE WHITE PLAST,PVC Items,
19MM TEE,Others,
1by2 Hosepipe 15 mtrs,PVC Items,
1inch bend  5 nos,Others,
1inch clure  15 nos,Others,
1inch J Box PVC 8 nos,Elecric & Machine Tools,
1inch pipe 25 nos,PVC Items,
1sqmm wire L,Wire,
2 Fire bucket with stand,Others,
2' Flexible Hose Pipe,PVC Items,
2 Model Box Plate 5 nos,Elecric & Machine Tools,
2 Pol Mcb Box Metal,Elecric & Machine Tools,
2.5 mm *3 core Copper cable,Wire,
2.5 mm 3 core cable lying and plug top and MCB fixing 16A,Wire,
2.5 MM 5 core cable,Wire,
2.5 sq 3 core cable 26 metres,Wire,
2.5 sqmm wire L,Wire,
2.5mm Lugs,Elecric & Machine Tools,
2.5mm Wire,Wire,
2.5sqmm wire  1 coil,Wire,
2.5sqmm wire L,Wire,
20 A socket ,Elecric & Machine Tools,
20 Amps Switch,Elecric & Machine Tools,
200mm Exhaust fan,Fan,
20A Switch Box,Elecric & Machine Tools,
20MM NEL CALAMP,Others,
22mm Dummy Hole,Others,
24'' Fan Repair Almonds,Fan,
"24"" Fan Repair",Fan,
"24"" Fan Repair & Fitting",Fan,
"24"" Wall Fan",Fan,
24Liters Oil Free Air Compressor,Others,
24MM Recycled Plastic Sheet,Plastics,
25 A/4 poll RCCB,Elecric & Machine Tools,
250gsm Recycled Paper,Recycled paper Products,
25MM NEL CALAMP ,Others,
25MM Nel Clamp,Others,
25mm PVC elbo,PVC Items,
25mm PVC pipe,PVC Items,
25MM PVC PIPE WHITE PLAST,PVC Items,
25mm PVC TEE,PVC Items,
25MM TEE,Others,
3 ph Energy meter,Energy Meter,
3 ph meter box (metal),Elecric & Machine Tools,
3 WAY JUNCTION BOX,Elecric & Machine Tools,
3/4 18 guage square tube,Wire,
3/4 Heavy quality mesh,Others,
300 DPI BARCODE PRINTER,Printer,
300 mm Cable tie,Wire,
30W LED TUBE,Lighting Items,
32 A 5 pin A/C Box,Elecric & Machine Tools,
32 Amps 2 pol Mcb,Elecric & Machine Tools,
32 Amps 4 pol Mcb,Elecric & Machine Tools,
32A 5pin A/C Box,Elecric & Machine Tools,
3480 B Bezzle,Others,
3480 Base,Others,
3480 Touchpad Click,Computer and Accessories,
3490 Touchpad Click,Computer and Accessories,
4 pole 63A MCB with End,Elecric & Machine Tools,
4 Sq mm* 3 core Copper Flexible cable,Wire,
4 sq. mm Copper Wire,Wire,
4 SQMM * 4 core copper flexible cable,Wire,
4 sqmm * 5 Core copper cable,Wire,
4+1 Spake Buster 5mtr,Others,
4000 LABELS PER ROLL,Recycled paper Products,
400MM WALL FAN HI FLO,Fan,
45 Watt led street light,Lighting Items,
4U Network rack With Accessories WITH POWER STRIP,IT Software & Networking,
5% Retention Amount,Others,
50 Watt Led Flood light,Lighting Items,
50 X 25 MM ( 2AC POLYSTER,Others,
500 LABELS PER ROLL,Recycled paper Products,
50Watt light,Lighting Items,
5400 SCREEN,Others,
5480 Laptop Battery,Battery,
5A Plug top  3 nos,Elecric & Machine Tools,
5A socket  5 nos,Elecric & Machine Tools,
5A switch 5 nos,Elecric & Machine Tools,
5HP DEWATERING MACHINE,Others,
5k 10 Round Pot meter,Others,
6 Amps Switch,Elecric & Machine Tools,
6 Module plate & box,Elecric & Machine Tools,
600 KG CAPACITY,Others,
63 AMPS 4 POL MCB,Elecric & Machine Tools,
6A 1 IN 1 SOCKET,Elecric & Machine Tools,
6Amps Socket,Elecric & Machine Tools,
6ft Roofing sheet,Recycled Roofing Sheet,
6mm,Others,
7480 Screen,Others,
8 MM RECYCLE PLASTIC SHEET,Plastics,
8 Model PVC box plate 1 nos,PVC Items,
8 Module plate & Box ,Elecric & Machine Tools,
8 Way Db Box,Elecric & Machine Tools,
840 Screw Driver Set,Elecric & Machine Tools,
8ft Roofing sheet,Recycled Roofing Sheet,
8mm,Others,
8mm Bolt and Nut,Elecric & Machine Tools,
8mm Pneumatic Pipe Spiral,PVC Items,
9'' Exhaust fan,Fan,
9 W LED Bulb,Lighting Items,
9 Watt Emergancy light ,Lighting Items,
9 Watt led Bulb,Lighting Items,
9 Watt led inverter lamp,Lighting Items,
9watt Led Inverter Lamp,Lighting Items,
A 4 Sheets,Recycled paper Products,
A1 (80GSM) Recycled Paper,Recycled paper Products,
"A1 Ethical Paper 25 X 36"" 100 GSM",Recycled paper Products,
A1 sheets,Recycled paper Products,
A1398,Others,
A1466,Others,
A1990,Others,
A2141,Others,
A3 Posters,Recycled paper Products,
A4 120gsm Paper Sheet,Recycled paper Products,
A4 COPIER PAPER 500 SHEETS PACK,Recycled paper Products,
A4 Envelopes,Recycled paper Products,
A4 Posters,Recycled paper Products,
A4 Spiral Pad,Recycled paper Products,
A5 Size Recycled Paper Brouchers,Recycled paper Products,
Aaditi Large community composter,Composter,
Aaga Gaia Key (CC004K),Others,
ABC 4Kg Capacity Fire Extinguisher,Fire Extinguisher,
ABC 6Kg capacity fire extinguisher,Fire Extinguisher,
Abila 50 E-Autoscrubbe,Others,
Ac standard installation,Others,
Accenture Validation Manpower Charges,Charges,
accomodation,Charges,
Ace Transportation,Transportation,
Acid,Others,
Activation API,Others,
Activation for API,Others,
Adapter,Computer and Accessories,
Adjustable Wrench 1173 12inch Taparia,Others,
Advance,Others,
AFR Plastic Waste,Plastics,
AFR Plastics Waste,Plastics,
After Sale Book (CC004Q),Recycled paper Products,
Air Compressor Moisture Water Trap Filter,Others,
Air Conditioner(CEEW 4),Air Conditioner,
AIR COOLER SERIES ELVENT 90 LTR,Air Conditioner,
air quality monitoring,Others,
Air sample Analysis,Others,
Alanki Nut bolt with washer,Elecric & Machine Tools,
Allen Key Set AKM 9 Taparia,Others,
ALMONARD AIR CIRCULATOR 450MM PEDESTIAL FAN,Fan,
"ALMONARD AIR-CIRCULATOR INDUSTRIAL 18"" WALL FAN",Fan,
ALUMINIUM,Aluminum Scrap,
Aluminium Foil,Aluminum Scrap,
Aluminium frame work,Aluminum Scrap,
Aluminium Metal,Aluminum Scrap,
Aluminium Partition,Aluminum Scrap,
Aluminum Cans,Aluminum Scrap,
AM CR150 TALL TUBULAR BATTERY (36+18),Battery,
AM HB950 HI-BACKUP PURE SINEWAVE H-UPS,Battery,
Amazon - Thermocoal Clearance,Others,
AMC,Others,
AMC - ASSET TRACKER,Others,
AMC OFFER,Others,
AMC Start Date:- 28/02/2023 End Date:- 29/02/2024,Others,
Anchor bolt,Elecric & Machine Tools,
ANCHOR SPIKE GURAD 4+1 ,Elecric & Machine Tools,
Andwans ,Others,
Andwans payment ,Charges,
Annual health checkup for field team,Charges,
Annual Subscription Charges ,Charges,
Anti Vibration Mounting Pads,Vibration,
Anti vibratory,Vibration,
Antiseptic Liquid,Others,
APC 1.1.KVA UPS,Battery,
API Activation ,Others,
Api License ,Others,
API License (Yearly),Others,
API-Activation,Others,
API-License (Yearly),Others,
Apron,Others,
Assembling & Dissmentling of  conveyor mezzanine,Charges,
Assembling Cost,Charges,
Asset tracker 1,Others,
Asset tracker device,Others,
Assorted Products,Others,
Attendance Register,Recycled paper Products,
Auto,Others,
Automatic battery charger,Battery,
Awareness & IEC Goa MRF Project,Awareness,
Awareness SPCB event,Awareness,
AXR8 RESIN RIBBON 110 X 300 MTR,Others,
Background verification,Others,
Backhoe loader charges,Charges,
Badges,Badges,
Bags,PP Woven Bags/Sacks,
Bail tie,Others,
Bailer Repair,Repairs and Maintenance,
Balance ,Others,
Balck PP Bale,Plastics,
Bale Patty Straps,Others,
Baler Machine New Stand,Others,
Baler Machine wire connection & Conveyor Machine 2 MCB Connection,Machine,
Baling Charges,Charges,
Baling Machine,Machine,
Baling Machine - Motor Starter & Coil Replacement,Machine,
Baling Machine Motor Repaird,Machine,
Baling Machine Repair,Machine,
Ball bearing,Machine,
Bamboo Straw,EconProducts,
Banana Fibre Products,EconProducts,
Banner,Banner,
Banner Canvas (4.5*3),Banner,
Banner Canvas (5*4),Banner,
Banner Canvas (8.5*4),Banner,
Batteries,Battery,
Battery Cable,Battery,
BATTERY CHARGER,Battery,
BATTERY CHARGER SEMI ELE,Battery,
Battery Interlink & cables,Battery,
Battery Pack and Cables ,Battery,
Battery Rack with Top Cover,Battery,
Bearing Box,Machine,
Bearing Set,Machine,
BGA REWORK  MACHINE,Machine,
Bhagwati General Store,Others,
big vehicle,Transportation,
Big vehicle Accenture,Transportation,
Big vehicle Infosys Mcity AC foam clearance,Transportation,
Bill Books Printing Charges,Charges,
Binder Clips 32mm,Others,
Bins,Bins,
Bio floor & toilet cleaner,Consumables,
Bio Floor Cleaner,Consumables,
Bio metric device,Machine,
Biobac Transportation charges ,Charges,
BIOCON INSULATION TAPE,Plastics,
Bioculum,Consumables,
biomedical incineration,Consumables,
Biomedical Waste Disposal,Consumables,
Biometric Device,Machine,
Bizlog Collection center,Collection Charges,
BLACK HIIT,Others,
Black hit,Others,
Black PP,Plastics,
Black Road Waste,Others,
Blade Holding Shaft,Others,
Blades,Others,
Bleaching powder,Others,
Blower,Machine,
Blown Film Extrusion,Others,
Blue Harpic,Plastics,
Blue HDPE,HDPE,
"blue jerkin with 2"" radium",Others,
Bluetooth dongle,Computer and Accessories,
BNC Box,Elecric & Machine Tools,
BNSH 140/4 with M16x1.5x150mm ,Others,
BOARD,Board,
Boat pouch,Others,
Bonus,Others,
Book Printing & Binding 1/4th,Recycled paper Products,
Book shelf,Plastics,
Book Shelves,Plastics,
Bora Bag Small,PP Woven Bags/Sacks,
bora bags,PP Woven Bags/Sacks,
bora bags (big),PP Woven Bags/Sacks,
Bore well Maintenance,Repairs and Maintenance,
Borewell Motor Problem,Machine,
BOSCH BLOWER,Machine,
Box Drawer,Elecric & Machine Tools,
Box File,Office Stationery,
Box files,Office Stationery,
box printing &pasting,Elecric & Machine Tools,
Box showcase,Elecric & Machine Tools,
BPL Ac 1.5T,Others,
Breaker Charges (Boulders Breaking),Charges,
Brochure,Recycled paper Products,
Broken Glass,Others,
Brokerage Service Charges towards Land Facilitation relating to MRF Unit 02,Charges,
Brookfield - Ace Transportation (Dry),Transportation,
Brookfield - canter transportation (dry),Transportation,
Broom stick,Consumables,
BRUSHES,Others,
BSNL - Internet,Services,Remove
Bucket Composter,Composter,
Bule Shredded HDPE (Ujala),HDPE,
Bunting,Recycled paper Products,
Bush,Others,
Butter - Milk,Paper,Remove
Butter milk,Paper,Remove
BVC 2.0,Others,
C G Holder,Others,
C&D Transport and Processing ,Transportation,
C&D waste processing,Collection Charges,
Cabinet,Furniture,
Cable laying,Wire,
Cable Routing and Labour Charges,Wire,
Cable tie,Wire,
Cable tie 200mm,Wire,
Cable ties (Tags),Wire,
Cables & Accessories,Wire,
Cabling/1MT,Wire,
Calibration for Electronic Weighing Scales,Machine,
Calibrations for Electronic Weighing Scales,Machine,
Camera Fitting Charges,Charges,
Camera Fitting Charges - indoor,Charges,
Camera Support,Camera,
Canter Transportation Charges,Transportation,
Canvas Banner 4.5*3,Banner,
Canvas Banner 5*4,Banner,
Canvas Banner 8.5*4,Banner,
CAPPER,Others,
Carbon Sheet,Recycled paper Products,
Cardboard/carton,Elecric & Machine Tools,
Carpentary work,Office Set-Up,
Carton Bags,Carton Bags,
Carton Box (Baled),Carton Box,
Carton Box 2-,Carton Box,
Carton Box No 2 -,Carton Box,
Carton Boxes,Carton Box,
Carton Rolls,Recycled paper Products,
CARTONS,Carton Box,
Cascade Bale Clamp with Hydraulics,Elecric & Machine Tools,
CAT 5e CCTV Cable,Camera,
CAT 6 CABLE / 1 MTR,Wire,
CAT 6 Cable Wiring,Wire,
Cat 6a Cable shielded,Wire,
Cat 6a I/O Keystone,Others,
Catalogue,Paper,Remove
CC Just Dispose ,Paper,Remove
CCTV,Camera,
CCTV Camera ,Camera,
CCTV Connectors,Camera,
CEEW 1(CRT/LED/LCD TV),LED/LCD/TV (CEEW1),
CEEW 3 (Refrigetor),Refrigerator,
CEEW 3 (Washing Machine),Washing Machine,
CEEW 4 (Air conditioner),Air Conditioner,
CEEW 4 (Washing Machine),Washing Machine,
CEEW1 - CRT monitor & TV,LED/LCD/TV (CEEW1),
CEEW1 - LED,LED/LCD/TV (CEEW1),
CEEW1 - TFT Monitor full unit,LED/LCD/TV (CEEW1),
CEEW1 - TV stand,LED/LCD/TV (CEEW1),
Centre squeegee rubber,Rubber,Remove
Ceramics,Others,
Certificate,Paper,Remove
Chair,Plastics,
"Chair - 18""",Plastics,
Chairs 26' Height,Plastics,
Channelization of E-Waste,Collection Charges,
Charges for Destruction of EWaste,Charges,
Charges for disposal of sanitary waste,Charges,
checked and removed,Others,
Chopper bearing set assemble (new),Machine,
Chopper blades,Machine,
Chopper Machine,Machine,
Cibil Check,Others,
Civil Work,Services,Remove
Clamp,Elecric & Machine Tools,
CLAMP TYPE MAGNIFIER,Elecric & Machine Tools,
Clean cloth collecting,Textiles,Remove
Clean textile waste,Textile Waste,
Cleaning Service ,Services,Remove
CLEANING SUPPLIES,Consumables,
Cloth,Textile Waste,
Cloth Bags,Upcycled Textile Products,
Cloth Banner,Upcycled Textile Products,
Cloth Banner 4*3,Upcycled Textile Products,
Cloth Banner 5*4,Upcycled Textile Products,
Cloth Banner 6*3,Upcycled Textile Products,
cloth banner canva,Upcycled Textile Products,
Cloth Masks,Upcycled Textile Products,
Cloth toys - big,Upcycled Textile Products,
Cloth toys - small,Upcycled Textile Products,
Cloth Velvet,Upcycled Textile Products,
Cloth-Segregated Combustibe Fraction-,Upcycled Textile Products,
Cloud Hosting,IT Software & Networking,
CnD waste handling,Others,
Co2 4.5Kg Capacity Fire Extinguisher,Fire Extinguisher,
CO2 Fire extinguisher 2 Kg,Fire Extinguisher,
Coasters,Plastics,
COATED GLOVES,Upcycled Textile Products,
Coats- Field Staff,Upcycled Textile Products,
Coconut Broom Stick,Consumables,
Coconut Shell,Others,
Coconut Shells,Others,
Cocopeat,Consumables,
Cocopeat - 1 Kg (AC0080),Consumables,
Cocopeat Scoop (CC004O),Consumables,
coffee Powder,Others,
Colin,Consumables,
Collection Centers Rent,Collection Charges,
Collection drive (E-waste),Collection Charges,
Collection Drive E-waste,Collection Charges,
Collection Services of Non Hazardous Recycled mat,Collection Charges,
COLOR PAPER,Paper Scrap,
Color PP,Plastics,
COLORED PLASTIC FLEXIBLE,Plastics,
Colour LD,Paper Scrap,
Colour Paper,Paper Scrap,
Colour Pet,Plastics,
Colour PP,Plastics,
Commercial Vehicle procurement,Transportation,
Commissioning Charges,Charges,
Compartment door work,Services,Remove
Compost,Composter,
Compost Curing System,Composter,
Compost Hut,Composter,
Compost Hut-Bin,Composter,
Composting Brick,Composter,
Composting Consumables,Consumables,
Computer Repair,Repairs and Maintenance,
Computer Table,Furniture,
Conference Hall Charges,Charges,
Consultancy Fee,Consultancy Charges/Services,
consultancy services,Consultancy Charges/Services,
Consulting Charges for E Waste Clearance services,Consultancy Charges/Services,
Consumables,Consumables,
Consumables delivery,Transportation,
CONTRACTOR SERVICE ,Services,Remove
Conveyor Belt,Machine,
Conveyor belt not worked and controlling wiring,Machine,
Conveyor Machine,Machine,
Conveyor Machine Installation Charges,Machine,
Conveyor-VFD Problem,Machine,
Co-ordination & Management Fee,Charges,
Co-Ordination&Management Fee,Charges,
Coordinator Fee ,Charges,
Coordinator Fees,Charges,
Copier Paper A4,Recycled paper Products,
Copper Bus,Wire,
Copper Bus Bar,Wire,
Copper flexible cable,Wire,
Copper Wire,Wire,
Copper Wire 1.6,Wire,
Co-Processing Charges,Charges,
Cordination Fees,Charges,
Core copper cable,Wire,
Cork Diaries - Hardbound,Recycled paper Products,
Cotton Mask,Upcycled Textile Products,
Cotton Straw Pouch ,Upcycled Textile Products,
cotton thread,Upcycled Textile Products,
cotton thread roll,Upcycled Textile Products,
Coupling washer,Others,
Courier & Parcel Charges,Charges,
Crane ,Machine,
CRANE HIRING CHARGES,Charges,
Criminal Check,Others,
Crimping,Others,
CT COM,Others,
CT- Upcycled Bantings,Recycled paper Products,
CT- Upcycled Bells - Big,Others,
CT- Upcycled Bells - Small,Others,
CT- Upcycled Patchwork Bag,Upcycled Textile Products,
CT- Upcycled Patchwork Coasters,Plastics,
CT- Upcycled Placemats,Plastics,
Ctb 1803 Cantilever Tool Box Taparia,Others,
CTB1805 Tool Box Metal,Others,
CT-Upcycled Cloth Masks,Upcycled Textile Products,
Cupboard,Others,
Curd,Others,
Cut Resestance Gloves,Others,
Cutting and Sanding,Repairs and Maintenance,
"Cutting Machine 8""",Machine,
D.E.O Spanner 10by11 Taparia,Elecric & Machine Tools,
D.E.O Spanner 12by13 Taparia,Elecric & Machine Tools,
D.E.O Spanner 14by15 Taparia,Elecric & Machine Tools,
D.E.O Spanner 18by19 Taparia,Elecric & Machine Tools,
D.E.O Spanner 20by22 Taparia,Elecric & Machine Tools,
D.E.O Spanner 21by23 Taparia,Elecric & Machine Tools,
D.E.O Spanner 24by27 Taparia,Elecric & Machine Tools,
D.E.O Spanner 30by32 Taparia,Elecric & Machine Tools,
D.E.O Spanner 36by41  Taparia,Elecric & Machine Tools,
D.E.O Spanner 6by7 Taparia 24.58,Elecric & Machine Tools,
D.E.O Spanner 8by9 Taparia,Elecric & Machine Tools,
D.E.O Spanner16by17 Taparia,Elecric & Machine Tools,
Daily jaunt bag,Upcycled Textile Products,
Dangler/Tags,Recycled paper Products,
DC POT METER,Wire,
DDT30PJC2,Others,
Decomposer inoculants,Composter,
Delivery Charges,Charges,
Dell 18.5inch Monitor,Computer and Accessories,
DELL LOGO,Plastics,
Denim Diaries - Hardbound,Recycled paper Products,
Denim Diaries - Softbound,Recycled paper Products,
Denim Laptop Bag,Upcycled Textile Products,
Denim laptop sleeve,Upcycled Textile Products,
Denim Sling bag,Upcycled Textile Products,
DEP 10 x 11 Dbye Spanner,Elecric & Machine Tools,
DEP 12 x 13 Dbye Spanner,Elecric & Machine Tools,
DEP 14 x 15 Dbye Spanner,Elecric & Machine Tools,
DEP 16 x 17 Dbye Spanner,Elecric & Machine Tools,
DEP 18 X1 9 Dbye Spanner ,Elecric & Machine Tools,
DEP 20 x 22 Dbye Spanner,Elecric & Machine Tools,
DEP 21 x 23 Dbye Spanner ,Elecric & Machine Tools,
DEP 24 x 27 Dbye Spanner ,Elecric & Machine Tools,
DEP 30 x 32 Dbye Spanner ,Elecric & Machine Tools,
DEP 8 x 9 Dbye Spanner,Elecric & Machine Tools,
DER 36 x 41 Dbye Spanner ,Elecric & Machine Tools,
DER 46 x 50 Dbye Spanner,Elecric & Machine Tools,
Design of webinar invite,Paper,Remove
DESIGNING CHARGER ,Computer and Accessories,
Desktop Cabinet,Furniture,
Desktop Computer,Computer and Accessories,
Detention,Others,
Detergent Powder - 1/2 Kg,Consumables,
Detergent Soap,Consumables,
Dettol H/W,Consumables,
Dettol Soap,Consumables,
Development & Integration Cost,Charges,
Development of training materials,Other Services,
Development of video for GIZ project,Video and Audio Services,
Device Accessories,Machine,
Dewatering Screw Press,Elecric & Machine Tools,
Die Face Cutter,Others,
DISH WASH,Consumables,
Dismantling Bench ,Others,
Dispenser,Plastics,
Display Port to Vga Converter,Computer and Accessories,
Disposal and Processing Charge,Charges,
Distruction Of E-waste,Other Services,
Divyasree - 407/Bolero Vehicle Transportation Charges,Transportation,
Divyasree - Small Vehicle Transportation charge,Transportation,
DLink Cat 6 Cable,Wire,
D-Link Cat 6 Cable,Wire,
Dob Bags,PP Woven Bags/Sacks,
Docket,Others,
Doctor Consultation,Charges,
Door to Door Collection,Collection Charges,
Dowel Pins,Others,
Dpoint Waste Collection,Collection Charges,
Dr Waste to MRF,Others,
Draw Bar Axle,Elecric & Machine Tools,
Drive potentiometer,Elecric & Machine Tools,
Drive Roller,Others,
Drum,Others,
Dry waste and Mixed waste Processing,Processing Fee,
dry waste bags ,PP Woven Bags/Sacks,
Dry waste Clearance ,Transportation,
Dry Waste Payback,Payback,
Dry Waste Reject,Transportation,
Dry Waste to MRF,Transportation,
DT 1_IMP_ NATURAL WHITE,Others,
Dust Mask Yellow,Consumables,
Duster Machine,Machine,
Dusting Cloth,Consumables,
DVR,Others,
DWCC Fire Audit ,Others,
E Waste ,Mixed Ewaste,
E waste disposal (Hazardous E waste),Hazardous Disposal,
E waste Tube lights ,Lighting Items,
E.B Door work,Others,
Earned Salary ,Services,Remove
Earth Pit,Transportation,
EASEL STAND,Plastics,
ECG,Machine,
Eco Board : 12mm,Board,
Eco Board : 18mm,Board,
Eco Board : 25mm,Board,
Eco Board : 30mm,Board,
Eco Board : 5mm,Board,
Eco Board : 8mm ,Board,
Eco Board Planter,Board,
Eco Friendly Plantable Kit,Consumables,
Eco Round Neck Print,Consumables,
Education Check,Others,
ELE Bend,Others,
ELE Pipe,PVC Items,
Electical cable,Wire,
Electric Mesh for Shredder Machine,Machine,
Electric router,Machine,
Electric Work,Repairs and Maintenance,
Electrical,Repairs and Maintenance,
Electrical Audit,Other Services,
Electrical Bulbs,Lighting Items,
Electrical design,Others,
Electrical Fittings,Wire,
Electrical Items,Mixed Ewaste,
Electrical Spares & Service,Repairs and Maintenance,
ELECTRICAL WIRING ,Wire,
ELECTRICAL WIRING MATERIAL,Wire,
Electrical work,Repairs and Maintenance,
Electricity AC 220V ,Air Conditioner,
ELECTRICITY BILL(MONTHLY),Charges,
Electronic weighing scale service,Repairs and Maintenance,
Electronic Weighing Scale Spares,Machine,
Eletrical Equipments old conveyor,Machine,
Ellenvipro Organic Wet Waste Composter,Composter,
Elmec PP Thread 840/2/y 1000 mtrs cone - White colour,Consumables,
Emergancy Box & Connection,Wire,
Emergency board,Board,
Emergency Lights,Lighting Items,
Emergency Preparedness Training,Awareness,
Emergency switch,Elecric & Machine Tools,
Employee ESIC,Services,Remove
Employee PF,Charges,
Engineering & Execution,Charges,
ENI Hydraulic Oil Aw 68(210 Ltr)(N),Others,
Envelope,Recycled paper Products,
Enzyme Premix,Consumables,
EPR Consultancy Fee,Consultancy Charges/Services,
EPR Credit Transfer,Charges,
EPR E waste Credits,Charges,
EPR FEE,Charges,
EPR incentive,Charges,
ERECTION INSTALLATION CHARGES,Charges,
ESD back to back Workstation - 2 Tier,Mixed Ewaste,
ESD Tile Flooring,Office Set-Up,
ESD Tiles Flooring,Office Set-Up,
ESD Workstation - 2 Tier (Single Sided),Mixed Ewaste,
ESSAE DS 215 N,Others,
Essae Electronic Weighing Scale,Machine,
"Ethical paper - 25""x36"" - 75 GSM",Recycled paper Products,
"Ethical Paper 25 X 36"" 100 GSM",Recycled paper Products,
Ethical sourcing incentive,Charges,
Ethical Surcharges,Charges,
event,Awareness,
Ewaste,Mixed Ewaste,
E-Waste,Mixed Ewaste,
E-waste Awareness,Awareness,
E-waste Awareness Offline,Awareness,
E-Waste Awareness Online,Awareness,
E-Waste Awareness SPCB,Awareness,
E-Waste Bin,Bins,
e-waste channelization through collection drive,Collection Charges,
E-Waste Collection Drive,Collection Charges,
E-Waste Collection Drive.,Collection Charges,
E-Waste Collection Fee,Charges,
Ewaste Compliance Charges,Charges,
E-Waste Event conduction with SPCB,Awareness,
E-waste offline awareness,Awareness,
E-Waste offline awareness.,Awareness,
E-Waste online awareness,Awareness,
E-Waste online awareness.,Awareness,
Exhaust Fan Installation,Fan,
Exhaust Fans,Fan,
Exo,Consumables,
Exo - bar,Consumables,
Exo bar,Consumables,
Exo dish wash,Consumables,
Expired Salt Disposal,Consumables,
Extra Curricular Activities,Awareness,
EXTRA KILOMETER,Others,
Extra KM,Others,
EXTRA KM.,Others,
EXTRA KM...,Others,
ExxtendIT Consumables,Consumables,
ExxtendIT fabrication work,Office Set-Up,
ExxtendIT Services,Services,Remove
Fabric note book (A4),Recycled paper Products,
Fabric note book (A5 - size 1),Recycled paper Products,
Fabric note book (A5 - size 2),Recycled paper Products,
Fabric Work & Labour Charges,Charges,
Fabricated collection chute for 2 out puts,Collection Charges,
Fabricated Feeding platform,Others,
Fabricated Stand for Vib screen,Others,
Fabrication,Others,
Face Device,Machine,
FaceBot (f31) - Face Recogniti on Attendanc e and Access Control System,Machine,
FaceBot (f31) - Face Recognition Attendance and Access Control System,Machine,
Facility Manager / Entrpreneur,Charges,
Fan,Fan,
Fan  Fitting Charges,Fan,
Fan Belt,Fan,
Fan Clamp,Fan,
Fan connection & Cable routing Lab or charges ,Fan,
Fan fixing and laying with laber charges,Fan,
Fan Switch Box Fixing,Fan,
FD24H Socket FD24H ,Elecric & Machine Tools,
Fee Certification,Charges,
Fevi Stick,Others,
Field Staffs Uniform,Uniform,
Filed staff cost,Charges,
Files,Recycled paper Products,
Fire alarm work,Repairs and Maintenance,
Fire and Machine Safety Audit ,Machine,
Fire Extinguisher Equipment ,Fire Extinguisher,
Fire Extinguisher Safety Valve,Fire Extinguisher,
Fire Fighting & First Aid with  Training,Awareness,
Fire Fighting System Inspection,Awareness,
Fire Fighting Work,Repairs and Maintenance,
Fire Safety Audit,Fire Safety Audit,
First Aid Box With Content,Plastics,
Fitting Charges,Charges,
Fixing of control door bell 230V,Charges,
Flexible Cable,Wire,
Flexible intermediate bulk containers with liner,Elecric & Machine Tools,
Flexible lapp cable,Wire,
Flexible Plastic,Plastics,
Float glass,Others,
floor cleaner liquid,Consumables,
Floor Cleaning Scrubber ,Consumables,
Floor Laying Charges,Charges,
Floor Marking,Office Set-Up,
Floor Marking Tape,Plastics,
Floor Stand for ABC 04 kg F/E,Others,
Floor wiper,Plastics,
Flooring Matt,Plastics,
Fly management,Other Services,
Fly Managemnet,Other Services,
Flyer,Recycled paper Products,
Flyers,Recycled paper Products,
FMCG White,Others,
Foam,Foam,
Foam-,Foam,
Foam (colour),Foam,
Foam she et with sticker 8x4and fixing charges,Foam,
FOG startup,Others,
FOG-Startup,Others,
Foil Paper Waste,Paper Scrap,
Folders,Paper Scrap,
Food & Lodging,Charges,
food and beverages,Consumables,
FOOD GRADE WHITE PP,Plastics,
Food Waste Composting Unit,Composter,
Food Waste Processing,Food Waste Processing Services,
Food waste processing..,Food Waste Processing Services,
Forklift,Others,
Forwarding Charges,Charges,
Frames - Modification ,Others,
Frames Powder Coated,Others,
FREEMANS COMBINSTION PILER,Others,
FREEMANS WIRESTIPPER,Others,
Freight Charge,Charges,
Fresher,Consumables,
Freshner,Consumables,
Freshner-room,Consumables,
Fright,Charges,
Fright Charges,Charges,
Front squeeze rubber,Rubber,Remove
FRP Bins,Bins,
Fuel and Transport expense,Transportation,
Fuel charges Car,Transportation,
Furniture,Others,
G.C,Others,
G.I Wire,Wire,
Garbage waste (infosys),Others,
Garden Shredder Baldes,Machine,
Garden waste clearance,Collection Charges,
Garden waste processing ,Processing Fee,
Garden waste Processing ..,Processing Fee,
Garden Work,Others,
Gate Chain,Others,
Gear Box,Machine,
Gear box and Motor Removing,Elecric & Machine Tools,
GENERAL WASTE COLLECTION SEVICES,Collection Charges,
GENERAL WASTE HANDLING SERVICES,Other Services,
GH800 Club Hanmmer,Others,
GI Bolt,Elecric & Machine Tools,
GI scrap,Others,
GI Wire,Wire,
GI wire (Bale kambbi0,Wire,
Gift box,Gifts and Novelties ,
Gift Items (Tiffin Boxes),Gifts and Novelties ,
Gift wrap,Paper Scrap,
Glass,Others,
Glass Bottle,Others,
Glass loading charges,Charges,
GLASS PP,Plastics,
Gloves,Upcycled Textile Products,
Gloves & Mask,Consumables,
Gloves (AC0180) ,Consumables,
GMT WASTE COLLECTION & PROCESSING,Collection Charges,
GOBBLE MAX COMPOSTER KIT,Composter,
Gong bell,Machine,
Goods transportation charges from Banagalore to saint gobain  Chennai on 22.02.2025,Transportation,
Gps Tracker Devise,Machine,
Graphic Designer,Others,
Grease gun,Others,
Green Coat apron,Consumables,
GREEN TECH UPC WINDOWS INCLUDING  INSTALLATION,Repairs and Maintenance,
GREEN TECH Upvc FIXED INDCLUDING  FITTING ,Repairs and Maintenance,
Grocery,Consumables,
GTW160 Torque Wrench 50_220NM 1by2inch  Sq Dr,Others,
Gum,Others,
Gum Boot,Consumables,
GUN COMMERCIAL,Others,
Hair net,Others,
Half moon sling,Others,
Hand Gloves,Consumables,
Hand Pallet truck,Others,
Hand wash,Consumables,
Handwash,Consumables,
Handwash Station ,Consumables,
Hard broom,Consumables,
Hard Disk,Computer and Accessories,
Hard Disk Shredding Service,Machine,
Hard disk shredding service charge,Charges,
Hardbound Dairy,Recycled paper Products,
Hardbound Diaries,Recycled paper Products,
Hardware Box,Machine Tools,
Hardware items,Plastics,
HARPIC,Consumables,
Harpic 1ltr,Consumables,
HARPIC 2,Consumables,
Harvester Tool,Others,
Hazardous Waste Disposal,Hazardous Disposal,
HDPE,HDPE,
HDPE & PP Caps,HDPE,
HDPE (colour),HDPE,
HDPE (TR),HDPE,
HDPE (White),HDPE,
HDPE- Bottle,HDPE,
HDPE Credits,HDPE,
HDPE Grade - 2 ,HDPE,
HDPE Grade 1,HDPE,
HDPE Grade- 1,HDPE,
HDPE Grade 1 FMCG,HDPE,
HDPE Grade 2,HDPE,
HDPE Grade 2 Non FMCG,HDPE,
HDPE JOB WORK,HDPE,
HDPE Nursery Nets,HDPE,
HDPE Regrinds ,HDPE,
HDPE TR,HDPE,
HDPE/PP Woven Bags,HDPE,
HDPE-Cover,HDPE,
HE00404-Hex Bolt,Elecric & Machine Tools,
HE00407 Nylon Load Wheels With Bearing h,Machine,
HE00409-Nut,Elecric & Machine Tools,
HE00410-Spring Washer,Elecric & Machine Tools,
HE00601-Dowel Pin,Others,
HE00604-Spacer,Others,
HE00606-Axle,Elecric & Machine Tools,
HE00607 Nylon Rollers With Bearing ,Machine,
HE00701 Battery,Battery,
HE00816-Carbon Brush,Plastics,
Head cap,Consumables,
Health Camp,Health CheckUp Serives,
Health Check Up,Health CheckUp Serives,
Heatex,Others,
Helmet,Consumables,
Highlighter,Plastics,
Hikvision 16 Channel NVR,Camera,
Hikvision 2 MP Dome_Bullet camera DS_2CD1023G0E_I,Camera,
Hikvision 2 MP DS_2CD1323G0E_I Dome Camera,Camera,
Hikvision 4 Port POE DS_3E505P_E_M GIGABIT,Camera,
Hikvision PTZ 2 MP DS_2DE4225IW_DE,Camera,
Hindi Translation Services,Language Translation Services,
HM,Others,
HM Granules,Others,
Holder & Plug,Elecric & Machine Tools,
Hopper,Others,
HORIZONTAL AUTOMATIC,Others,
Hose pipes,PVC Items,
Hose reel Drum,Others,
House Keeping Materials,Consumables,
HP 430 G5 LAPTOP SCREEN,Computer and Accessories,
HP ADAPTER,Battery,
HP D-PANEL,Computer and Accessories,
HP SPEAKER,Computer and Accessories,
HRT tissue roll,Recycled paper Products,
HT 224 220g 0.0001g 80mm Dia Analytical Balance With Density Measurement Kit,Machine,
Huawei E8372 4G/LTE Wi-Fi Wingle ,Computer and Accessories,
Hub & Spoke Waste Collection,Collection Charges,
Hulladek Collection Center ,Collection Charges,
Hydraulic Baling Machine,Machine,
HYDRAULIC BALL VALVE,Machine,
Hydraulic cylinder,Machine,
Hydraulic Hand Pallet Truck ,Machine,
Hydraulic Oil,Consumables,
Hygiene kit,Consumables,
Hygiene kit Men,Consumables,
i3 10th Gen,Computer and Accessories,
Ice Cup,Paper Scrap,
ICE Cupes,Paper Scrap,
Ice cups,Paper Scrap,
ID Cards,Paper,Remove
Identity Check,Others,
IIOT Platform Annual Subscription,Charges,
IKON CUTTER,Machine,
IKON MAGNETIC WHITE BOARD DUSTER,Board,
Impact Wrench,Others,
Inbuilt Battery,Battery,
Inbuilt-Battery,Battery,
Incentive ,Charges,
incentive for milk pouches ,Charges,
Inclined Conveyor Welding For Roller (Stainlees Steel),Machine,
Inclined conveyor with Blower & Air chute,Machine,
Industrial bell,Machine,
INDUSTRIAL EMPLOYEE LOCKER,Machine,
Industrial fan,Fan,
Industrial Gong Bell,Machine,
Industrial Siren,Machine,
Infosys - Ace Transportation charges,Transportation,
Infosys - canter Transportation Charges,Transportation,
Infosys - Shols Glass Clearance,Transportation,
Infosys M. City Canter Transportation and Processing,Transportation,
Infosys M. City Glass Clearance,Transportation,
Infosys M. City Negative value materials clearance,Transportation,
Infosys-Mcity Glass Clearance,Transportation,
Infosys-Wet Waste Collection,Collection Charges,
Ink tank printer,Printer,
Inlay Card,Paper,Remove
Installation & Service Charges,Other Services,
Installation and fixing and IP setting,Other Services,
Installation Charges,Charges,
Installation of RS232 port,Charges,
Insulate Tape,Plastics,
Insulation Tape,Plastics,
Insution Tape 2 nos,Plastics,
Integrated Software for SWM Operations,IT Software & Networking,
Integrated Wifi Module,Internet,
Integrated Wifi-Module,Internet,
Inter Lock,Internet,
Internet ,Internet,
Internet - Monthly,Internet,
Internet Expense,Internet,
Inverter,Machine,
Inward Register,Paper,Remove
IoT Device Kit,IoT Devices,
IOT Gateway Device,IoT Devices,
IOT Gateway Devices,IoT Devices,
IOT professional Services ,Other Services,
IoT/VSQC Support,IoT Devices,
IP Box Enclosure ,Elecric & Machine Tools,
IP Camera service,Camera,
Iron,Metal Scrap,
Iron Sheets,Metal Scrap,
Iron Tin,Metal Scrap,
IT Equipment- Refurbishment Facility,IT Software & Networking,
ITEW 15,ITEW 15 (Mobiles),
ITEW 2,Computer and Accessories,
ITEW 21,Scanner (ITEW 21),
ITEW 3,ITEW 3,
ITEW 6,Printer,
ITEW 7,Copying Machine (ITEW7),
ITEW 9,Systems (ITEW9),
ITEW1,ITEW 1,
Jacket,Consumables,
JCB COST,JCB Rentals Serives,
JCB Loading,JCB Rentals Serives,
JOB WORK,Job Work,
JUICE CUP PP,Plastics,
Jumbo Bags,Upcycled Textile Products,
Jute Bags,Upcycled Textile Products,
Jute Folders,Upcycled Textile Products,
Jyoti Foods Clearance and Processing,Consumables,
Kadak,Others,
Katran AWS Large 1 unit,Elecric & Machine Tools,
Katran D leaf S05 1 unit,Elecric & Machine Tools,
Katran Dleaf 202.,Elecric & Machine Tools,
KATRAN-OWC,Elecric & Machine Tools,
Key Rod,Elecric & Machine Tools,
Key Switch,Elecric & Machine Tools,
Kirloskar Make KDS 235 Pump,Machine,
KM9V Allen Key Set (1.5 to 10mm),Elecric & Machine Tools,
Knife Uk3  Taparia,Others,
Kora Bags,Upcycled Textile Products,
Kora Bags Big,Upcycled Textile Products,
Korai Boxes 3by3 inches,Elecric & Machine Tools,
Korai Boxes With fabric  4by4 inches,Elecric & Machine Tools,
Kraft Box Scrap,Elecric & Machine Tools,
Kraft cover Diaries,Recycled paper Products,
L clamps,Elecric & Machine Tools,
Labor charges,Charges,
Labour Charges,Charges,
labours charges,Charges,
laminate  sheet,Recycled paper Products,
Laminates,Recycled paper Products,
Laptop tech kit,Computer and Accessories,
Large Bags,Upcycled Textile Products,
Laying Charges,Charges,
Laying Charges for ESD Tiles Flooring,Charges,
Laying og 2 core & cable routing labour charges,Charges,
LCD,LED/LCD/TV (CEEW1),
LCD Projector,LED/LCD/TV (CEEW1),
LD Polypack,Others,
LDPE (Colour),LDPE,
LDPE (Grade 1),LDPE,
LDPE (Grade 2),LDPE,
LDPE (Grade 3),LDPE,
LDPE Credits,LDPE,
LDPE-Cover,LDPE,
Leaf Composter,Composter,
Leaf Composting Infrastructure,Composter,
Leaflet,Recycled paper Products,
Leave Cards,Recycled paper Products,
LED Bulb,Lighting Items,
LED Light Installation,Lighting Items,
LED Tube Bulb,Lighting Items,
LENOVO C- TYPE ADAPTER,Computer and Accessories,
letter,Recycled paper Products,
Lid light,Lighting Items,
Light removing charges,Charges,
Lithium Ion Battries,Battery,
Loading ,Others,
Loading Charges,Charges,
Logo Designing,Others,
Logo Loop Tag,Recycled paper Products,
Long Rake 3,Others,
LoRaWAN Multi Channel Indoor Gateway,Internet,
LoRaWAN RS232 Interface,Internet,
Low Value Plastic (LVP),Plastics,
LR Charges,Charges,
LR COPY,Paper,Remove
LT metering & Laisoning work,Other Services,
Lunch,Services,Remove
Lunch Bench,Others,
Lunch Coupona,Paper,Remove
Luxor correction pen,Plastics,
LUXOR WHITE BOARD MARKER,Plastics,
LWF,Others,
M S Angles,Others,
M S Flats,Others,
M S PARTITION WALLS,Others,
M S Pipe,PVC Items,
M/Foam 45Ltr Capacity,Foam,
Macchine Screw,Elecric & Machine Tools,
Machanical walk behind sweeper,Machine,
Machine Shifting & RPG Training,Awareness,
Machine Spares,Machine,
Machinery for ZWP,Machine,
Magazines,Paper,Remove
Main motor ON/OFF switch,Machine,
MAINTENANCE,Repairs and Maintenance,
Management cost,Charges,
manpower services,Manpower Services,
Manual Baler Machine,Machine,
Mask,Upcycled Textile Products,
MASKING TAPE,Plastics,
Material,Others,
Material Compounding,Others,
Material cost,Charges,
Material Movement ,Others,
Material Purchase,Charges,
Material purchase andwans ,Charges,
MATS (SCF),Upcycled Textile Products,
MATS (SCF)-,Upcycled Textile Products,
Mattress,Furniture,
MCB Fixing ,Elecric & Machine Tools,
MCB plate,Elecric & Machine Tools,
Mcb SP 6,Elecric & Machine Tools,
MCG Detention Charge,Charges,
Medical health check charges,Charges,
Medical Test,Charges,
Melt Flow Index - Deluxe ( Model No : MFI - DX),Others,
Men Uniform,Uniform,
Metal chair,Furniture,
Metal Detector,Elecric & Machine Tools,
Metal Locker( powder coated),Furniture,
Metal MS,Metal Scrap,
Metal- Silver,Metal Scrap,
Metal Works,Repairs and Maintenance,
Metalized MLP,Metal Scrap,
Mezzanine Floor,Machime Installation and Setup,
Mezzanine Flooring,Machime Installation and Setup,
Mezzanine Hook Work,Machime Installation and Setup,
Milestone One Advance Payment for Project Initiation,IT Software & Networking,
Milestone One(Zoho Creator MRF Dashboard),IT Software & Networking,
Milestone Two Implementation of Zoho Creator PRF Dashboard,IT Software & Networking,
Milk,Consumables,
Milk Cover - SI Expenses,Plastics,
Milk for Tea,Consumables,
Milk Pouch,Plastics,
milk pouch incentive ,Plastics,
Milk Pouch.,Plastics,
Milk Pouches,Plastics,
MILK SUPPLY,Consumables,
Miscellaneous Work,Others,
Mix E Waste for the month of Jan'21,Mixed Ewaste,
Mix Foam and Thermocol,Foam,
Mix plastic,Plastics,
Mix Waste Plastic Scrap,Plastics,
Mixed Black pp,Plastics,
Mixed colour paper,Plastics,
Mixed E waste,Mixed Ewaste,
Mixed Flexible Plastic,Plastics,
Mixed ldpe,LDPE,
Mixed Metal,Metal Scrap,
Mixed Natural PP,Plastics,
Mixed Plastic,Plastics,
MIXED PLASTIC WITH NATURAL ,Plastics,
MIXED PUGGA,Plastics,
Mixed Rigid Plastic,Plastics,
Mixed Shredded HDPE.,HDPE,
Mki Dol Statar L&T,Others,
MLP,MLP,
MLP-,MLP,
MLP & disposable materials,MLP,
MLP Waste,MLP,
MLP-LVP,MLP,
MODEL SURFACE BOX,Elecric & Machine Tools,
Modular type ABC 5Kg capacity fire extinguisher,Fire Extinguisher,
module plate & box,Elecric & Machine Tools,
Momentom frames,Plastics,
Monitor,Computer and Accessories,
"Monitor 19""",Computer and Accessories,
monitor repair,Computer and Accessories,
MOP,Consumables,
Mop Set,Consumables,
Motherboard,Computer and Accessories,
Motor Mounting Plate,Machine,
Motor starter,Machine,
MRF Plant Machines,Machine,
MS BAR,Others,
MS Frame,Others,
MS frame for IOT,IoT Devices,
MS Sections,Others,
MS Shredder,Machine,
MS Sorting table,Furniture,
MS STEEL FABRICATION 60/60 SQUARE  18METER ,Office Set-Up,
MS TUBE,Others,
MSEAL EPOXY COMPOUND,Consumables,
Muffle Furnace - Digital ( Size : 5x5x10 inches ) 900 Degree Celcius,Machine,
Multy Layered Plastic,Plastics,
My Operator Toll Free Number,Others,
MyGate Community Engagement Programme,Awareness,
N95 Mask,Upcycled Textile Products,
Nail Traum Machine,Machine,
Nataraj Ball Pen,Plastics,
Natural HDPE,HDPE,
Natural mix ,Others,
Natural PP,Plastics,
Natural shredded HDPE,HDPE,
Natural Tube,Others,
Natural tubes ,Others,
NC Element,Others,
NC Elimante,Others,
Negative (-) Terminal -HS-E,Others,
Negative value materials,Others,
Network Plate,Others,
Network Rack 2U,IT Software & Networking,
Networking Accessories - ExxtendIT,IT Software & Networking,
New Compost Microbes 1 Kg  (AC0110),Composter,
New Starter Fixed,Others,
New Supply of ABC 6KG Capacity F/E.,Others,
New Supply of CO2  4.5 KG Capacity F/E,Others,
New Supply of Hose With Horn for C02 4.5 KG Capacity F/E,PVC Items,
News Paper,Paper,Remove
News Paper Ads,Paper,Remove
Night Time security charges at DWCC,Charges,
Noise sample analysis,Others,
Non bio degradable waste in exess,Consumables,
Non Drive Roller,Machine,
NON HAZARDOUS WASTE ,Mixed Ewaste,
NON TERRABLE SHEET,Recycled paper Products,
Normal File,Paper,Remove
Normal lights,Lighting Items,
Note Book,Recycled paper Products,
Notebook,Recycled paper Products,
Nozzle for Hose reel,PVC Items,
Nut,Elecric & Machine Tools,
NVR 16 Channel,Camera,
OBP Incentives,Charges,
Odonil,Consumables,
Office,Charges,
Office fan,Fan,
Office Files  ,Recycled paper Products,
Office Stationary,Recycled paper Products,
Office tables work,Furniture,
Oil Cover,Consumables,
O'joy Leaf Composter,Composter,
Old company switch box and all wires removed,Elecric & Machine Tools,
Old company switch box and fan removed,Elecric & Machine Tools,
One Paramount - Ace Transportation (Dry),Transportation,
One Paramount Reject Transportation,Transportation,
One Paramount Wet Transportation,Transportation,
Onile Configeration with software,IT Software & Networking,
onion,Consumables,
Operations charge,Charges,
Operations-Travel-Food & Lodging,Charges,
Other Electrical Work,Charges,
Others,Others,
Others - Dry Waste,Dry Waste,
Others - Dry Waste-,Dry Waste,
Outdoor bracket,Others,
Outer brick wall,Others,
OWC 130,Others,
Owc Choppor Blades,Machine,
OWC Consumables,Consumables,
OWC Gaia 800 (CC1000) ,Others,
Owc Main Motor Cooling Fan,Fan,
Owc Shreder Blades,Machine,
PACKING,Other Services,
Packing & Forwarding Charges,Charges,
Packing Charges,Charges,
Packing Material,Others,
Padmini Manpower and Transportation ,Transportation,
Paint,Consumables,
Paint bucket,Plastics,
Paint Buckets(White PP),Plastics,
Paint pails,Plastics,
Palli,Others,
Palm Boxes 5by3 inches,Elecric & Machine Tools,
Palm Trays 8by2 inches,Tray,
Panel Box,Elecric & Machine Tools,
Panel kits,Elecric & Machine Tools,
Pape sampling charges,Charges,
Paper Bags,Recycled paper Products,
Paper Bowl,Recycled paper Products,
Paper Box,Recycled paper Products,
Paper Cups,Recycled paper Products,
Paper pen,Recycled paper Products,
paper pencil,Recycled paper Products,
Paper sand,Recycled paper Products,
Paper Shredding,Paper,Remove
Park Bench,Others,
Park Hyatt Transportation,Transportation,
Participation fee,Charges,
Partition work,Charges,
PC Assembling Cost,Charges,
PC Rubber gloves ( yellow inside lining),Consumables,
Pedestal Air Circulator (Fan),Fan,
Pedestal Air Circulator Fan,Fan,
Pedestal Fan,Fan,
Pen,Plastics,
Pen & Marker,Plastics,
Penalty Charges for Weighing Scale Calibrations,Charges,
Pens & Markers,Plastics,
Penstand,Plastics,
Permanent marker,Plastics,
Pest Control Service,Pest Control Service,
pest management services,Pest Control Services,
PEST SERVICE,Pest Control Services,
PET,PET Bottles,
Pet bales,PET Bottles,
Pet bottle white,PET Bottles,
Pet Bottles,PET Bottles,
PET Bottles- Green ,PET Bottles,
Pet bottles scarp ,PET Bottles,
PET BROWN,PET Bottles,
Pet Caps,PET Bottles,
PET Job Work ,PET Bottles,
PET LIQUOR,PET Bottles,
PET OBP,PET Bottles,
PET Sorting Unit,PET Bottles,
PET-Bottles,PET Bottles,
Phenol,Consumables,
Phenyl Compound,Consumables,
PHILIPS 20W INVERTER T BEAM LED BULB,Lighting Items,
Photo frame hanger and hinges,Plastics,
Photo frames,Plastics,
Photoshoot charges,Charges,
Physical Audit,Charges,
PICK UP VEHICLE,Transportation,
PIPE BEND,PVC Items,
Pitch Forks and Spades,Elecric & Machine Tools,
Plant with ceramic pot,Others,
planter handle charges,Charges,
Plaster of paris,Consumables,
Plastic,Plastics,
Plastic Bowl (Different Sizes)  (AC0320),Plastics,
Plastic Buckets Small (AC0330,Plastics,
Plastic Cans,Plastics,
Plastic Chairs,Plastics,
Plastic Crates with Lid,Plastics,
Plastic Drum with Lid (AC0340) ,Plastics,
Plastic HDPE,HDPE,
Plastic LDPE,LDPE,
Plastic Milk Bags,Plastics,
PLASTIC SCRAP FLEXIBLE,Plastics,
PLASTIC STRAPPING(PACKING MATRIAL),Plastics,
Plastic Waste,Plastics,
Plastic Wheelie Bins (660 L),Bins,
Plastic wiper,Plastics,
Plastics,Plastics,
PLATFORM SCALE,Others,
PLATTER SIZE 700 X 800 MM MS SINGLE LOAD CELL PLATTER,Battery,
Plug Kattai,Elecric & Machine Tools,
Pneumatic Hose 8mm ,PVC Items,
Pocha,Consumables,
POE Switch,Elecric & Machine Tools,
police verification charges,Charges,
Polyal Corrugated Roofing Sheet,Recycled Roofing Sheet,
PolyAL-MS Furniture,Others,
Polycab Wire,Wire,
Polycarbonate sheet - 2mm,Recycled Roofing Sheet,
Polypropylene and Polyethylene,Recycled Roofing Sheet,
Portable Toilet,Consumables,
Positive (+) Terminal -HS-E,Elecric & Machine Tools,
POST CONSUMER LAMINATE {PCL},Recycled Roofing Sheet,
Post Consumer Tetra Cartons,Consumables,
Post Consumer Tetrapak Carton,Consumables,
poster,Printing,
Potentiometer,Elecric & Machine Tools,
PP,Plastics,
PP Bags,Plastics,
PP Bottles,Plastics,
PP Crates,Plastics,
PP Credits,Plastics,
PPCP Chips,Plastics,
PPCP Granules,Plastics,
PPCP Grinding & Washing ,Consumables,
Presser Rod,Elecric & Machine Tools,
Pressfit 1.5sqmmx2 core cable,Wire,
PRESSFIT 6+6 SPIKE GUARD,Elecric & Machine Tools,
PRESSFIT INDUSTRIAL TESTER,Elecric & Machine Tools,
Print LDPE,LDPE,
Printed Sheets,Recycled Roofing Sheet,
process charges,Charges,
Process over buzzer,Others,
Processing & Handling charges,Charges,
Processing Charges,Charges,
Processor,Others,
Professional Fee for filing the Application+ Follow ups  +Response to an office,Charges,
professional fees,Charges,
Professional Services Towards 100% Advance on signing of MOU & starting the project for Saahas DFL Training,Other Services,
Professional Services Towards 100% Advance on signing of MOU and starting of the Project for Livlihood,Other Services,
Professional Services Towards 70% Advance on signing of MOU & Starting the Project for EDP Training,Other Services,
PUGA,Others,
Pull Rod Assy,Elecric & Machine Tools,
Pulley conduct ,Others,
Pump piston,Machine,
PUNE_DEVIL CIRCUIT OPERATIONS,Wire,
purchase,Charges,
Purchase of raw material from vendor,Charges,
Purchases,Charges,
Push Button Starter For Vib screen ,Elecric & Machine Tools,
Push Pin Board,Board,
PVC,PVC Items,
PVC Band,PVC Items,
PVC Belt conveyor-flat,Machine,
PVC Box,Elecric & Machine Tools,
PVC Clamp 6mm,Elecric & Machine Tools,
PVC Conveyor Belt,Machine,
PVC PIPES,PVC Items,
PVC Rubber gloves (plain),Rubber,Remove
PVC VINYL PRINT,PVC Items,
PVC VINYL SELF ADISHIV PRINT,PVC Items,
Quality check expenses,Charges,
Rack,Furniture,
Radio Activity Program E Waste Awareness Activity FY 20_21,Others,
Rafia,Others,
Ram,Others,
Ram 8GB,Others,
RAMBO COMMERCIAL 100 LTR,Others,
Ramp work,Others,
Receipt Book - Carbonless paper 1+1 (100 Pages/Book),Recycled paper Products,
Recharging fire extinguisher,Fire Extinguisher,
Recharging Of ABC 4 KG Capacity F/E,Others,
Recharging of ABC 4 KG Capacity F?E,Others,
Recharging of ABC 6 KG Capacity F/E,Others,
Recharging of ABC 6KG Capacity F/E,Others,
Recharging of C02 4.5 KG  Capacity F/E,Others,
Recharging Of CO2 4.5 Capacity F/E,Others,
Recharging of M/F 50 Ltr Capacity F/E.,Others,
Recycled Ceramic Bowl,Ceramic,
Recycled Ceramic Mug,Ceramic,
Recycled Ceramic Mug-Vasu,Ceramic,
Recycled Ceramic Mug-Vyom,Ceramic,
Recycled Certificates,Recycled paper Products,
Recycled Composite Board Ecolink 1220*1220*8mm,Board,
Recycled Composite Board Ecolink 2440*1220 * 18mm,Board,
Recycled Composite Board Ecolink 2440*1220*6mm,Board,
Recycled M-Fold Tissue,Recycled paper Products,
Recycled Paper,Recycled paper Products,
Recycled Paper - Pen,Recycled paper Products,
Recycled Paper A4 Reams,Recycled paper Products,
Recycled Paper Diaries,Recycled paper Products,
Recycled Paper Frames,Recycled paper Products,
Recycled Paper Pencils,Recycled paper Products,
Recycled Paper Visiting Cards,Recycled paper Products,
Recycled Pens (Cap),Plastics,
Recycled Pens (Click),Plastics,
Recycled PET - Polyester Cotton Polo T-Shirt,Upcycled Textile Products,
Recycled PET - Polyester Polo T-Shirt,Upcycled Textile Products,
Recycled PET Cotton Polo T-Shirt (50% cotton and 50% Polyester),Upcycled Textile Products,
Recycled PET Polo T-Shirt,Upcycled Textile Products,
Recycled Plastic Sheet,Recycled Roofing Sheet,
Recycled Plastic Sheet - 6MM,Recycled Roofing Sheet,
Recycled storage rack,Furniture,
Recycled Toilet Roll,Recycled paper Products,
Recycled TP - A4 Reams - 500 Sheets in A Pack,Recycled paper Products,
Recycled TP - Coasters,Plastics,
Recycled TP - Pen Stand (Double Cavity),Plastics,
Recycled TP - Pen Stand (Single Cavity),Plastics,
Recycled TP - Reprocessed Composite Board (8ft x 4ft,Board,
Recycled TP - Tissue Roll - Medium,Recycled paper Products,
Recycled TP - Tissue Roll - Small,Recycled paper Products,
Recycled TP - Tray (Big),Tray,
Recycled TP - Tray (Small),Tray,
Recycled TP Composite Board 8ft x 4ft,Board,
Recycled TP Pen Stand - Single,Plastics,
Recycled TP -Photo frame,Plastics,
Recycled TP PolyAl Flat Sheets - 8ft x 4ft,Recycled Roofing Sheet,
Recycled TP PolyAl Tables,Furniture,
Recycled TP- SZW Notebook (80 Pages),Recycled paper Products,
Recycled TP- SZW Notepad (20 Pages),Recycled paper Products,
Recycled TP- SZW Notepad (40 Pages),Recycled paper Products,
Recycled TP Tray - Large,Tray,
Recycled Tp-Polyal Flat Sheet,Recycled Roofing Sheet,
Recycled waste bin with Metal,Elecric & Machine Tools,
Recyled Pen Stand 1,Plastics,
Red Shredded HDPE.,HDPE,
ReDenim Event Tote w/ custom print,Upcycled Textile Products,
Redenim Founder  Bag,Upcycled Textile Products,
ReDenim Half Moon Sling,Upcycled Textile Products,
ReDenim Hustler Bag 15 inch,Upcycled Textile Products,
Redenim Slim Laptop Bag,Upcycled Textile Products,
Redundant Book Scrap,Recycled paper Products,
Referral Fee,Charges,
Refilling ABC Powder Type Fire Extinguisher,Fire Extinguisher,
Refilling CO2 Type Fire Extinguishe,Fire Extinguisher,
Refilling of  Mechanical Foem 50 Ltr Capacity F/E,Others,
Refilling of fir Extinguisher ,Fire Extinguisher,
Refilling Of Mechanical Foam 50 ltr Capacity F/E,Foam,
Refrigerator(CEEW2),Refrigerator,
Refurbished work station,Office Set-Up,
Refurbishing plant rent,Charges,
Refurbishment Consumables,Consumables,
Registers and Books,Recycled paper Products,
Registration Charges ,Charges,
Reject Transportation,Transportation,
Reject waste Clearing,Transportation,
Reject waste transportation & Processing,Transportation,
Rejects Transportation & Processing - One paramount,Transportation,
Rejects waste processing charges,Charges,
Rema Connector,Others,
Rent,Charges,
repair and maintenance charges,Charges,
Repair charges for DWK device,Charges,
Repaired the Baling Machine (Sensor problem),Machine,
Report Design,Others,
Resource Charges,Charges,
Return Roller,Machine,
Revo Bag Closing Machine,Machine,
Revo Bag Closing Machine Model : DAD,Machine,
"Rice bran plate 10""",Plastics,
"Rice bran plate 12""",Plastics,
"Rice bran plate 7""",Plastics,
Ricron 12mm,Others,
Ricron 18mm,Others,
Ricron 25mm,Others,
Ricron 30mm,Others,
ricron 5mm,Others,
Ricron Delta 8mm,Others,
Ricron flate sheet - 8 mm,Recycled Roofing Sheet,
Ricron Roof Sheet,Recycled Roofing Sheet,
Ricron Sheet,Recycled Roofing Sheet,
Ridges,Others,
Rigid plastic,Plastics,
Ring Spanner 10by11 Taparia,Elecric & Machine Tools,
Ring Spanner 12by13 Taparia,Elecric & Machine Tools,
Ring Spanner 14by15 Taparia,Elecric & Machine Tools,
Ring Spanner 16by17 Taparia,Elecric & Machine Tools,
Ring Spanner 18by19 Taparia,Elecric & Machine Tools,
Ring Spanner 20by22 Taparia,Elecric & Machine Tools,
Ring Spanner 21by23 Taparia,Elecric & Machine Tools,
Ring Spanner 24by27  Taparia,Elecric & Machine Tools,
Ring Spanner 6by7 Taparia,Elecric & Machine Tools,
Ring Spanner 8by9 Taparia,Elecric & Machine Tools,
Rings,Others,
Rixron Ridges,Others,
RO WATER DISPENSER CUM COOLER ,Machine,
Road Waste,Dry Waste,
Robotic sorting arm,Machine,
Rock Wool Handling,Others,
Rodent management,Others,
Roof Angle Fabrication Work (30Feet Height ),Others,
Roofing Sheet fitting,Recycled Roofing Sheet,
Roofing sheets,Recycled Roofing Sheet,
Room air freshener ,Consumables,
Room Freshener,Consumables,
Room Freshner,Consumables,
Room Spray,Consumables,
Room Sprey,Consumables,
Room-Freshner,Consumables,
Rope work,Others,
Rotary Parts,Others,
RS 10mm,Others,
RT8O9F,Computer and Accessories,
RT8OgH 3lADAPTER,Computer and Accessories,
Rubber,Rubber,Remove
Rubber Door Mat,Office Set-Up,
Rubber Dust ,Rubber,Remove
Rubber floor mat interlocking type (20mm,Office Set-Up,
Rubber Gloves Surf,Rubber,Remove
Rubber Stamp,Office Stationery,
Rubber tube ,Rubber,Remove
S S Sorting Table,Furniture,
S.S Trough Table,Furniture,
Sacks and Bags,Upcycled Textile Products,
Safety Gloves,Consumables,
Safety Goggles,Plastics,
Safety helmet yellow,Plastics,
Safety net 10/175 ,Others,
SAFETY SHOES,Consumables,
SAFETY SHOES - FUEL,Others,
Safety shoes - Hilson workout,Others,
Safety Shoes - Ladies,Others,
SAFETY SHOES - PRIDE,Others,
Safety Shoes- Fuel,Others,
Safety valve,Others,
Salary,Charges,
Salt - Sugar,Consumables,
Sample box charges ,Elecric & Machine Tools,
sand bucket,Plastics,
Sanitary chamber cleaning,Charges,
SANITIZER,Consumables,
SANITIZERS,Consumables,
Sarees for ladies,Uniform,
Sarvam Monitoring and Evaluation,Charges,
Satin Black,Textile,Remove
Satin Standees,Standee,
SAW DUST,Others,
Scaffolding Material Rental Charges,Charges,
Scanning Box,Elecric & Machine Tools,
SCF,Others,
SCF-,Others,
School Bench,Others,
Scissor Lift Table ,Furniture,
Scissors,Others,
Scrap,Others,
Scrap Clearing & Disposal,Others,
Scrap Microwave Ovens,Mixed Ewaste,
Scrap Office goods,Others,
Scrap-Mixed Plastic,Plastics,
Scratch & Patch,Plastics,
Screen printing ,Printer,
Screw Driver Set BDS 125 Taparia,Elecric & Machine Tools,
Scrubber brush,Consumables,
Seagate 4TB Surveillance HDD,Camera,
Seal Kit Assy,Others,
Seating Sheet work ,Recycled Roofing Sheet,
Second grade Black PP,Plastics,
Security Deposit,Charges,
Security Services ,Security Services,
Segregating Stand ,Others,
Segregation labour charges,Charges,
Seive,Others,
Self Leveling Compound,Others,
self screws,Elecric & Machine Tools,
Semi Electric Stacker,Machine,
Semi Electric Stacker service & Maintainance,Repairs and Maintenance,
Semi Sorted-,Others,
Sensor cable 4 core,Wire,
Septic tank Clearance,Other Services,
Servers & Acc,IT Software & Networking,
Service Care Payment,Other Services,
Service Charges,Other Services,
Service charges for assembling & disambling conveyor ,Repairs and Maintenance,
Service charges for baler machine,Other Services,
Service Charges for WMGT,Other Services,
Service Fee-Plastic Waste Collection,Waste Collection Services,
Service Sharges,Other Services,
SERVICES,Other Services,
Servos Massimo IP Tall tubular  battery,Battery,
Shaft Pul,Others,
Shed drawing & Machine layout,Machine,
Sheet Cutting,Recycled Roofing Sheet,
Sheet Extrusion,Recycled Roofing Sheet,
Shipping & Handling Charges,Charges,
Shipping Charges,Charges,
Shipping-Charges,Charges,
Shivanika foods Clearance,Consumables,
Shoes & Slippers,Consumables,
Shoes & Slippers-,Consumables,
Shovels 2),Elecric & Machine Tools,
Shredded Black PP,Plastics,
Shredded Color PP,Plastics,
Shredded Mix HDPE,HDPE,
Shredded Mixed PP,Plastics,
Shredded Natural PP,Plastics,
Shredded Paper,Paper Scrap,Remove
Shredded PP,Plastics,
Shredded TR HDPE,HDPE,
Shredded White HDPE,HDPE,
Shredded White PP,Plastics,
Shredded White PP Food plate,Plastics,
SHREDDER CUTTERS,Elecric & Machine Tools,
SHREDDER MACHINE,Machine,
Signage and Paper Board,Board,
Signage Board,Board,
SIGNAGE BOARD 10*10,Board,
SIGNAGE BOARD 10*24,Board,
SILICON SEALANT,Consumables,
Single Box Baler,Elecric & Machine Tools,
SINGLE TUBE ZOOM MICROSCOPE,Elecric & Machine Tools,
single use mask,Upcycled Textile Products,
Siren,Machine,
Sisal Fibre Straw Cleaners,Plastics,
Site fitting and labour,Others,
Site rental for debris storage,Others,
Slim laptop bag (bag pack),Upcycled Textile Products,
Small Bags,Upcycled Textile Products,
Small Vehicle Accenture dry clearance,Transportation,
Small Vehicle Infosys Mcity glass clearance,Transportation,
Small Vehicle Infosys Shols Dry clearance,Transportation,
Small Vehicle One Paramount Dry,Transportation,
Soap,Consumables,
Soap Oil,Consumables,
Social inclusion incentive support,Others,
Social Inclusion Surcharge,Charges,
Socket,Wire,
Socket Fixing and connection ,Wire,
Socks Black,Upcycled Textile Products,
Soft Broom,Consumables,
Software Development,IT Software & Networking,
Software Installation,IT Software & Networking,
Sorted Material Purchase,Others,
Sorted waste,Others,
Sorting Cost,Charges,
Sorting Staff,Other Services,
SPCB Event for awareness,Awareness,
Specimen Prep/Conditioning,Others,
Spray Gun,Elecric & Machine Tools,
Spray paint,Consumables,
Spring pump,Machine,
spring verify,Others,
Squeegee wheel,Others,
Squeezer /  Floor Wiper,Consumables,
SS Bins,Bins,
SS Chopper,Machine,
SS Trough table,Furniture,
SS Water Bottles,PET Bottles,
SSCI WHITE BOARD 3FX4F ,Board,
SSD,Others,
stacker,Others,
Standee,Standee,
Standee 6x 3 New,Standee,
Standee 6X3 Old,Standee,
Standees,Standee,
Starter 3hp,Machine,
Stationary Charges,Charges,
Stationery,Charges,
Statutory  and Compliance Service,Statutory and Compliance Service,
Statutory & Compliance Services ,Statutory and Compliance Service,
Statutory and Compliance Services,Statutory and Compliance Service,
STATUTORY FEE FOR FILING TM EXXTENDIT under  cl 37 and cl 35.,Charges,
Steal Scrubber,Elecric & Machine Tools,
Steel,Elecric & Machine Tools,
Steel 30 Door Mobile Locker,Elecric & Machine Tools,
Steel Ball,Elecric & Machine Tools,
Steel Glass door Almirah ,Elecric & Machine Tools,
Steel straw,Elecric & Machine Tools,
Stickers,Printing,
Stitching Charges ,Charges,
Storage Racks Fabrication,Furniture,
Structural Design and consultation,Charges,
Sub Lease Rent,Charges,
Submission charges ,Charges,
Suction motor 23 QV,Machine,
Sugar,Consumables,
SUGAR/TEA POWDER,Consumables,
Sunboard,Board,
Sunboard -Vinyle Printing with lamination,Board,
Sunboard-Vinyle Printing with Lamination,Board,
Supervisor Cost,Charges,
Supervisor Uniforms,Upcycled Textile Products,
Supply and Installation of CT operated energy meter,Machine,
Supply and installation of Electrical work,Charges,
Supply of Fire Blankets,Others,
Supply of Fire Bucket,Others,
Supply of Fire Extinguisher (ABC 4Kg),Fire Extinguisher,
Supply of Signages,Others,
Supply of Stand,Others,
Surf exel,Consumables,
Surgical Mask,Upcycled Textile Products,
Swing bearing,Machine,
Switch Box,Elecric & Machine Tools,
Switch box and 8 model box,Elecric & Machine Tools,
SWITCH TYPE 1 MCB,Elecric & Machine Tools,
SWP-Dry Waste (Payback),Payback,
Symphony Sumo,Others,
Syren fixing and connection,Charges,
SyRotech Modem + Router,Machine,
SZW Hard Bound Diary,Recycled paper Products,
SZW Notepad,Recycled paper Products,
T - Rolls,Recycled paper Products,
T Shirts,Upcycled Textile Products,
T470s Base,Others,
T470s KEYBOARD,Computer and Accessories,
Table Frame,Furniture,
Table structure,Furniture,
Tables,Furniture,
Tags,Recycled paper Products,
Tape,Plastics,
Tape Insulation,Plastics,
Tape Roll,Plastics,
TAPE ROLL (DEER),Plastics,
Tarpaulin 1,Recycled Roofing Sheet,
Tarpaulin Sheet,Recycled Roofing Sheet,
Tarpaulin Sheet (AC0420),Recycled Roofing Sheet,
TATA ACE VEHICLE HIRED,Transportation,
TC Dol Stater,Machine,
TCS@0.1%,Others,
Tea glass,Paper,Remove
Tea Powder,Consumables,
Tea/Cofe,Consumables,
Technical Services,Other Services,
telescope pole,Elecric & Machine Tools,
Tensile Test,Others,
TENT HOUSE ,Textile,Remove
Testing & Training,Other Services,
Testing Charges,Charges,
Tetra Pak,Plastics,
Textile,Upcycled Textile Products,
Textile Bricks,Upcycled Textile Products,
TGA,Others,
THARMCOL,Thermocol,
Thermacol ,Thermocol,
Thermacol.,Thermocol,
Thermocol (Ghatta),Thermocol,
Thick Natural Plastic,Plastics,
Thin Natural Plastic,Plastics,
THINKPAD LOGO,Recycled paper Products,
THINKPAD LOGO SATA Y CABLE,Wire,
Thinner,Consumables,
THREAD,Upcycled Textile Products,
Thread roll,Upcycled Textile Products,
Threading &  Threading welding work for Baling machine,Machine,
Tiffin Boxes,Gifts and Novelties ,
Tiffin Boxes - Gift,Gifts and Novelties ,
tiltiag Arbour circular saw,Elecric & Machine Tools,
Tinner,Elecric & Machine Tools,
Tins,Aluminum Scrap,
Tipper for C&D Debris Removal ,Transportation,
Tissue Papers,Recycled paper Products,
Toilet - brush,Consumables,
Toilet brush,Consumables,
Toilet Cleaner,Consumables,
Token advance,Charges,
Toll Charge,Charges,
Tools (crate 1,Elecric & Machine Tools,
Toughened Glass,Others,
Towards arranging calibration,Others,
Tracking Device,Others,
Training & Awareness Session of Waste Management,Awareness,
Transit Insurance,Charges,
Translation Service,Language Translation Services,
Translation Services,Language Translation Services,
Transparent - Cover,Plastics,
Transparent Cover,Plastics,
Transparent flexibles  Plastic,Plastics,
Transport Charges,Transportation,
Transportation and labours charges,Transportation,
Transportation and Processing ,Transportation,
Transportation Chennai Enviro Engineers,Transportation,
Transportation of Paper waste,Transportation,
Transportationcharges,Transportation,
Travel expense,Charges,
Travel Pouch,Upcycled Textile Products,
Travelling Charges,Charges,
Tray Big,Tray,
Tray Small,Tray,
Trays,Tray,
Trolly Cabinet - Big,Furniture,
Truck Cost,Charges,
TRUCK UNION PADMINI,Charges,
TRUE Certification,TRUE Zero Certification,
TRUE Registration,TRUE Zero Certification,
TV full unit,LED/LCD/TV (CEEW1),
Twin Box Baler ,Machine,
Tyre purchase ,Charges,
UK3 Utility Knifes,Elecric & Machine Tools,
Ultimate handbag,Upcycled Textile Products,
Uniform Trouser,Upcycled Textile Products,
Unlaminated HDPE Bags,HDPE,
Unloading,Others,
Unsorted Dry Transportation - One Paramount,Transportation,
Upcycled Cloth Bags,Upcycled Textile Products,
Up-Cycled Denim Bag - Pack,Upcycled Textile Products,
Up-cycled Denim Bag-Pack ,Upcycled Textile Products,
Upcycled Denim Product,Upcycled Textile Products,
UPS & Battery,Battery,
UPS Connection,Battery,
UPS Repair,Charges,
UPS Repaired and labour charges,Charges,
UPS Switch not worked removed connection,Elecric & Machine Tools,
USB Keyboard & Mouse,Computer and Accessories,
USB TO SERIAL PORT CONVERTER,Computer and Accessories,
Used Corrugated Boxes,Elecric & Machine Tools,
Used Fuel Filters,Others,
USED LAPTOPS,Computer and Accessories,
Used Lube Oil,Consumables,
Used Oil,Consumables,
Valve VE MPW 06_2 1 0 Y Yuken,Machine,
VECHICLE HALT ,Transportation,
Vehice hiring,Transportation,
Vehicle fabrication,Machine Installation and Setup,
Vehicle Hold ,Vehicle,Remove
Vehicle holding chargers,Charges,
Vehicle rent,Charges,
Vehicle service and repair,Repairs and Maintenance,
Vertiv 20 kva Ups,Battery,
VFD AC Drive,Air Conditioner,
VGF,Others,
Vibrating feeder,Machine,
Vibrating hopper feeder,Machine,
Vibrating Screen,Computer and Accessories,
Vibratory feeder VS,Machine,
Vibratory feederr,Machine,
Video Connector,Wire,
Vinyl Sticker with Lamination,Wire,
Vinyl sticker with lamination.,Wire,
Vinyl sticker with sunboard,Wire,
Vinyl Stickers With Matt lamination,Wire,
Vinyl with 5mm Sun Board with Lamination,Wire,
Vision sensing development,Others,
Vision sensing edge device,Machine,
Visiting Cards,Recycled paper Products,
VS Edge device,Machine,
Walk Behind Scrubbing Machine,Machine,
Wall Fan Clamp,Fan,
WALL FANS,Fan,
Wall mount kit,Others,
Warehouse rent ,Charges,
Waste Audit Fee,Charges,
Waste Bin Ppt Wheelie90 Ltr,Bins,
Waste Collection and Processing,Collection Charges,
Waste Handling,Charges,
Waste Handling Charges ,Charges,
Waste Management Service,Waste Management Service,
Waste Management Services  Imperial Anekal Waste  Collection and Transportation.  October 2025,Waste Management Service,
Waste Management Services Hub&Spoke Waste Collection and Transportation,Waste Management Service,
waste pickup & Processing,Collection Charges,
Waste Plastic Scrap,Plastics,
waste Processing Charges,Charges,
Waste Segregation Bin,Bins,
Water Bottles,PET Bottles,
Water Can Stand,Plastics,
Water Charges,Charges,
WATER CO2 TYPE 50 LTR,Plastics,
Water Cup PP,Plastics,
Water Dispenser,Plastics,
Water Level Controller,Machine,
water motor connection,Machine,
Water motor not worked,Machine,
Water Purifier,Machine,
Water purifier service,Machine,
Waterproof Aprons,Consumables,
WATT LED B22 LAMP 6500K HAVELL,Lighting Items,
WEIGH BRIDGE ,Others,
WEIGH BRIDGE CHARGES,Charges,
Weighing Scale,Machine,
Weighing Scale Repair Charges,Charges,
Weighing scale service,Repairs and Maintenance,
WEIGHMENT CHARGES,Charges,
Weight Bridge Charge ,Charges,
Weld mesh,Office Set-up,
Welding,Repairs and Maintenance,
Welding For Baling Machine,Repairs and Maintenance,
WELDING ROD,Repairs and Maintenance,
Wet Transportation - one Paramount,Transportation,
Wet waste Clearing,Wet Waste Processing,
Wet Waste Processing to Biogas,Wet Waste Processing,
wet waste processing to compost,Wet Waste Processing,
wet waste processing to Composting,Wet Waste Processing,
Wet Waste Sorting Trough,Wet Waste Processing,
Wheelie Waste Bin 240Lts,Bins,
Wheels,Consumables,
wheels soap,Consumables,
White Board - 3'2,Board,
White Cover,Recycled paper Products,
WHITE HDPE,HDPE,
White Marker Board - 6x4',Board,
White Paper,Recycled paper Products,
WHITE PP,Plastics,
White PP Bucket,Plastics,
White PP CP,Plastics,
White Shredded HDPE.,HDPE,
Whitener,Plastics,
whitner,Plastics,
Wifi bill,IT Software & Networking,
Wifi dongle,IT Software & Networking,
Wind Shield Glass,Others,
Window Grill Work,Others,
WINDOW Steel Mesh Fabrication,Office Set-up,
WINDOW Steel Mesh Fabrication ,Office Set-up,
Wipro Emerald LED 5W,Lighting Items,
WIRE ,Wire,
Wiring,Wire,
WITH RS 232 CONNECTION,Wire,
Witness Charge per day,Charges,
Wood - gatta,Furniture,
Wood gat POP slash  20 nos,Furniture,
Wood gatta,Furniture,
wood scrap,Furniture,
Wood Screw,Furniture,
Work Table,Furniture,
woven bags,Upcycled Textile Products,
Yearly API License,IT Software & Networking,
Yellow HDPE,HDPE,
ZEBRA ZD 420,Others,
WHITE PAPER,Recycled paper Products,
NEWS PAPER,Paper,Remove
AMC Start Date:- 28/02/2023 End Date:- 29/02/2024,Services,Remove
Packing,Others,
