Item Name,Category
1 '' PVc clamp P,PVC
1 '' PVC Pipe 2 mm,PVC
"1 Ethical Paper - 25"" X 36 "" - 80 gsm",Paper
1 HP motor repaired,Motor
1 mm Washer,Washer
1'' Pop screw,Screw
1'' PVC Band,PVC
1'' PVC Colar,PVC
1'' PVC Hose Pipe,PVC
1 SQ MM WIRE,Wire
"1"" Pop screw",Screw
"1"" Pvc Hose pipe",PVC
1.0*4 4 Core cable,PVC
1.5 mm 2 core copper cable,Wire
1.5 sq mm 2 core cable (15 mtr),Wire
1.5SQ MM WIRE,Wire
1.5sqmm redwire  2 coil,Wire
1/2 Hp Motor,Machine
10 HP Motor Rewinding Work,Machine
10 sqmm flexible cable ,Wire
100 G ACCURACY,Others
100 Watt Light,Light
100 X 150 MM ( 1AC DT,Wire
100gms,Others
100watt Led Flood Light,Light
10mm copper wire,Wire
10mm lugs,Lug
10mm Wires 30 meater,Wire
10sqmm Pin Type Lug,Lug
10sqmm Ring Type Lug,Lug
1173_12 Adjustable Spanner,Spanner
11MM RUBBER BOARD,Rubber
12 MM RECYCLE PLASTIC SHEET,Plastics
12 V Battery,Battery
1200MM Ceiling Fan,Fan
12ft Roofing Sheet,Sheet
12mm,Others
12MM RECYCLED PLASTIC SHEET,Plastics
12mm),Others
12modular type box,Box
12V 65AH SMF Battery,Battery
12V Battery,Battery
14inch,Others
150gms,Others
16 Amps 3 pin plug,Switch
16 Amps Socket,Switch
16 Amps switch,Switch
16 sq. mm Copper Wire,Wire
16 sqmm flexible cable ,Wire
16 sqmm Ring Type Lug,Lug
16A Socket,Switch
16A Switch,Switch
16Amps 3 Pin Plug,Switch
16AMPS SP MCB,Switch
16sqmm Pin Type Lug,Lug
1736 L Handle,Others
18mm,Others
18MM RECYCLED PLASTIC SHEET,Plastics
19 MM PVC BEND,PVC
19MM PVC PIPE WHITE PLAST,PVC
19MM TEE,Others
1by2 Hosepipe 15 mtrs,PVC
1inch bend  5 nos,Others
1inch clure  15 nos,Others
1inch J Box PVC 8 nos,Box
1inch pipe 25 nos,PVC
1sqmm wire L,Wire
2 Fire bucket with stand,Others
2' Flexible Hose Pipe,PVC
2 Model Box Plate 5 nos,Box
2 Pol Mcb Box Metal,Switch
2.5 mm *3 core Copper cable,Wire
2.5 mm 3 core cable lying and plug top and MCB fixing 16A,Wire
2.5 MM 5 core cable,Wire
2.5 sq 3 core cable 26 metres,Wire
2.5 sqmm wire L,Wire
2.5mm Lugs,Lug
2.5mm Wire,Wire
2.5sqmm wire  1 coil,Wire
2.5sqmm wire L,Wire
20 A socket ,Switch
20 Amps Switch,Switch
200mm Exhaust fan,Fan
20A Switch Box,Switch
20MM NEL CALAMP,Others
22mm Dummy Hole,Others
24'' Fan Repair Almonds,Fan
"24"" Fan Repair",Fan
"24"" Fan Repair & Fitting",Fan
"24"" Wall Fan",Fan
24Liters Oil Free Air Compressor,Others
24MM Recycled Plastic Sheet,Plastics
25 A/4 poll RCCB,Switch
250gsm Recycled Paper,Paper
25MM NEL CALAMP ,Others
25MM Nel Clamp,Others
25mm PVC elbo,PVC
25mm PVC pipe,PVC
25MM PVC PIPE WHITE PLAST,PVC
25mm PVC TEE,PVC
25MM TEE,Others
3 ph Energy meter,Energy Meter
3 ph meter box (metal),Switch
3 WAY JUNCTION BOX,Switch
3/4 18 guage square tube,Wire
3/4 Heavy quality mesh,Others
300 DPI BARCODE PRINTER,Printer
300 mm Cable tie,Wire
30W LED TUBE,Light
32 A 5 pin A/C Box,Switch
32 Amps 2 pol Mcb,Switch
32 Amps 4 pol Mcb,Switch
32A 5pin A/C Box,Switch
3480 B Bezzle,Others
3480 Base,Others
3480 Touchpad Click,Laptop
3490 Touchpad Click,Laptop
4 pole 63A MCB with End,Switch
4 Sq mm* 3 core Copper Flexible cable,Wire
4 sq. mm Copper Wire,Wire
4 SQMM * 4 core copper flexible cable,Wire
4 sqmm * 5 Core copper cable,Wire
4+1 Spake Buster 5mtr,Others
4000 LABELS PER ROLL,Paper
400MM WALL FAN HI FLO,Fan
45 Watt led street light,Light
4U Network rack With Accessories WITH POWER STRIP,IT
5% Retention Amount,Others
50 Watt Led Flood light,Light
50 X 25 MM ( 2AC POLYSTER,Others
500 LABELS PER ROLL,Paper
50Watt light,Light
5400 SCREEN,Others
5480 Laptop Battery,Battery
5A Plug top  3 nos,Switch
5A socket  5 nos,Switch
5A switch 5 nos,Switch
5HP DEWATERING MACHINE,Others
5k 10 Round Pot meter,Others
6 Amps Switch,Switch
6 Module plate & box,Switch
600 KG CAPACITY,Others
63 AMPS 4 POL MCB,Switch
6A 1 IN 1 SOCKET,Switch
6Amps Socket,Switch
6ft Roofing sheet,Sheet
6mm,Others
7480 Screen,Others
8 MM RECYCLE PLASTIC SHEET,Plastics
8 Model PVC box plate 1 nos,PVC
8 Module plate & Box ,Box
8 Way Db Box,Box
840 Screw Driver Set,Screw
8ft Roofing sheet,Sheet
8mm,Others
8mm Bolt and Nut,Screw
8mm Pneumatic Pipe Spiral,PVC
9'' Exhaust fan,Fan
9 W LED Bulb,Light
9 Watt Emergancy light ,Light
9 Watt led Bulb,Light
9 Watt led inverter lamp,Light
9watt Led Inverter Lamp,Light
A 4 Sheets,Sheet
A1 (80GSM) Recycled Paper,Paper
"A1 Ethical Paper 25 X 36"" 100 GSM",Paper
A1 sheets,Sheet
A1398,Others
A1466,Others
A1990,Others
A2141,Others
A3 Posters,Paper
A4 120gsm Paper Sheet,Paper
A4 COPIER PAPER 500 SHEETS PACK,Paper
A4 Envelopes,Paper
A4 Posters,Paper
A4 Spiral Pad,Paper
A5 Size Recycled Paper Brouchers,Paper
Aaditi Large community composter,Compost
Aaga Gaia Key (CC004K),Others
ABC 4Kg Capacity Fire Extinguisher,Fire Extinguisher
ABC 6Kg capacity fire extinguisher,Fire Extinguisher
Abila 50 E-Autoscrubbe,Others
Ac standard installation,Others
Accenture Validation Manpower Charges,Charges
accomodation,Charges
Ace Transportation,Transport
Acid,Others
Activation API,Others
Activation for API,Others
Adapter,Laptop
Adjustable Wrench 1173 12inch Taparia,Others
Advance,Others
AFR Plastic Waste,Plastics
AFR Plastics Waste,Plastics
After Sale Book (CC004Q),Paper
Air Compressor Moisture Water Trap Filter,Others
Air Conditioner(CEEW 4),Air Conditioner
AIR COOLER SERIES ELVENT 90 LTR,Air Conditioner
air quality monitoring,Others
Air sample Analysis,Others
Alanki Nut bolt with washer,Screw
Allen Key Set AKM 9 Taparia,Others
ALMONARD AIR CIRCULATOR 450MM PEDESTIAL FAN,Fan
"ALMONARD AIR-CIRCULATOR INDUSTRIAL 18"" WALL FAN",Fan
ALUMINIUM,Metal
Aluminium Foil,Metal
Aluminium frame work,Metal
Aluminium Metal,Metal
Aluminium Partition,Metal
Aluminum Cans,Metal
AM CR150 TALL TUBULAR BATTERY (36+18),Battery
AM HB950 HI-BACKUP PURE SINEWAVE H-UPS,Battery
Amazon - Thermocoal Clearance,Others
AMC,Others
AMC - ASSET TRACKER,Others
AMC OFFER,Others
AMC Start Date:- 28/02/2023 End Date:- 29/02/2024,Others
Anchor bolt,Screw
ANCHOR SPIKE GURAD 4+1 ,Spanner
Andwans ,Others
Andwans payment ,Charges
Annual health checkup for field team,Charges
Annual Subscription Charges ,Charges
Anti Vibration Mounting Pads,Vibration
Anti vibratory,Vibration
Antiseptic Liquid,Others
APC 1.1.KVA UPS,Battery
API Activation ,Others
Api License ,Others
API License (Yearly),Others
API-Activation,Others
API-License (Yearly),Others
Apron,Others
Assembling & Dissmentling of  conveyor mezzanine,Charges
Assembling Cost,Charges
Asset tracker 1,Others
Asset tracker device,Others
Assorted Products,Others
Attendance Register,Paper
Auto,Others
Automatic battery charger,Battery
Awareness & IEC Goa MRF Project,Awareness
Awareness SPCB event,Awareness
AXR8 RESIN RIBBON 110 X 300 MTR,Others
Background verification,Others
Backhoe loader charges,Charges
Badges,Badges
Bags,Bags
Bail tie,Others
Bailer Repair,Others
Balance ,Others
Balck PP Bale,Plastics
Bale Patty Straps,Others
Baler Machine New Stand,Others
Baler Machine wire connection & Conveyor Machine 2 MCB Connection,Machine
Baling Charges,Charges
Baling Machine,Machine
Baling Machine - Motor Starter & Coil Replacement,Machine
Baling Machine Motor Repaird,Machine
Baling Machine Repair,Machine
Ball bearing,Machine
Bamboo Straw,Eco
Banana Fibre Products,Eco
Banner,Banner
Banner Canvas (4.5*3),Banner
Banner Canvas (5*4),Banner
Banner Canvas (8.5*4),Banner
Batteries,Battery
Battery Cable,Battery
BATTERY CHARGER,Battery
BATTERY CHARGER SEMI ELE,Battery
Battery Interlink & cables,Battery
Battery Pack and Cables ,Battery
Battery Rack with Top Cover,Battery
Bearing Box,Machine
Bearing Set,Machine
BGA REWORK  MACHINE,Machine
Bhagwati General Store,Others
big vehicle,Vehicle
Big vehicle Accenture,Vehicle
Big vehicle Infosys Mcity AC foam clearance,Vehicle
Bill Books Printing Charges,Charges
Binder Clips 32mm,Others
Bins,Bins
Bio floor & toilet cleaner,Bio
Bio Floor Cleaner,Bio
Bio metric device,Machine
Biobac Transportation charges ,Charges
BIOCON INSULATION TAPE,Plastics
Bioculum,Bio
biomedical incineration,Bio
Biomedical Waste Disposal,Bio
Biometric Device,Machine
Bizlog Collection center,Collection
BLACK HIIT,Others
Black hit,Others
Black PP,Plastics
Black Road Waste,Others
Blade Holding Shaft,Others
Blades,Others
Bleaching powder,Others
Blower,Machine
Blown Film Extrusion,Others
Blue Harpic,Plastics
Blue HDPE,HDPE
"blue jerkin with 2"" radium",Others
Bluetooth dongle,Laptop
BNC Box,Box
BNSH 140/4 with M16x1.5x150mm ,Others
BOARD,Board
Boat pouch,Others
Bonus,Others
Book Printing & Binding 1/4th,Paper
Book shelf,Plastics
Book Shelves,Plastics
Bora Bag Small,Bags
bora bags,Bags
bora bags (big),Bags
Bore well Maintenance,Services
Borewell Motor Problem,Machine
BOSCH BLOWER,Machine
Box Drawer,Box
Box File,Box
Box files,Box
box printing &pasting,Box
Box showcase,Box
BPL Ac 1.5T,Others
Breaker Charges (Boulders Breaking),Charges
Brochure,Paper
Broken Glass,Others
Brokerage Service Charges towards Land Facilitation relating to MRF Unit 02,Charges
Brookfield - Ace Transportation (Dry),Transport
Brookfield - canter transportation (dry),Transport
Broom stick,Bio
BRUSHES,Others
BSNL - Internet,Services
Bucket Composter,Compost
Bule Shredded HDPE (Ujala),HDPE
Bunting,Paper
Bush,Others
Butter - Milk,Paper
Butter milk,Paper
BVC 2.0,Others
C G Holder,Others
C&D Transport and Processing ,Transport
C&D waste processing,Collection
Cabinet,Furniture
Cable laying,Wire
Cable Routing and Labour Charges,Wire
Cable tie,Wire
Cable tie 200mm,Wire
Cable ties (Tags),Wire
Cables & Accessories,Wire
Cabling/1MT,Wire
Calibration for Electronic Weighing Scales,Machine
Calibrations for Electronic Weighing Scales,Machine
Camera Fitting Charges,Charges
Camera Fitting Charges - indoor,Charges
Camera Support,Camera
Canter Transportation Charges,Transport
Canvas Banner 4.5*3,Banner
Canvas Banner 5*4,Banner
Canvas Banner 8.5*4,Banner
CAPPER,Others
Carbon Sheet,Sheet
Cardboard/carton,Box
Carpentary work,Others
Carton Bags,Bags
Carton Box (Baled),Box
Carton Box 2-,Box
Carton Box No 2 -,Box
Carton Boxes,Box
Carton Rolls,Paper
CARTONS,Box
Cascade Bale Clamp with Hydraulics,Screw
CAT 5e CCTV Cable,Camera
CAT 6 CABLE / 1 MTR,Wire
CAT 6 Cable Wiring,Wire
Cat 6a Cable shielded,Wire
Cat 6a I/O Keystone,Others
Catalogue,Paper
CC Just Dispose ,Paper
CCTV,Camera
CCTV Camera ,Camera
CCTV Connectors,Camera
CEEW 1(CRT/LED/LCD TV),LED/LCD/TV
CEEW 3 (Refrigetor),Refrigerator
CEEW 3 (Washing Machine),Washing Machine
CEEW 4 (Air conditioner),Air Conditioner
CEEW 4 (Washing Machine),Washing Machine
CEEW1 - CRT monitor & TV,LED/LCD/TV
CEEW1 - LED,LED/LCD/TV
CEEW1 - TFT Monitor full unit,LED/LCD/TV
CEEW1 - TV stand,LED/LCD/TV
Centre squeegee rubber,Rubber
Ceramics,Others
Certificate,Paper
Chair,Plastics
"Chair - 18""",Plastics
Chairs 26' Height,Plastics
Channelization of E-Waste,Collection
Charges for Destruction of EWaste,Charges
Charges for disposal of sanitary waste,Charges
checked and removed,Others
Chopper bearing set assemble (new),Machine
Chopper blades,Machine
Chopper Machine,Machine
Cibil Check,Others
Civil Work,Services
Clamp,Screw
CLAMP TYPE MAGNIFIER,Screw
Clean cloth collecting,Textiles
Clean textile waste,Textiles
Cleaning Service ,Services
CLEANING SUPPLIES,Bio
Cloth,Textiles
Cloth Bags,Textiles
Cloth Banner,Textiles
Cloth Banner 4*3,Textiles
Cloth Banner 5*4,Textiles
Cloth Banner 6*3,Textiles
cloth banner canva,Textiles
Cloth Masks,Textiles
Cloth toys - big,Textiles
Cloth toys - small,Textiles
Cloth Velvet,Textiles
Cloth-Segregated Combustibe Fraction-,Textiles
Cloud Hosting,Services
CnD waste handling,Others
Co2 4.5Kg Capacity Fire Extinguisher,Fire Extinguisher
CO2 Fire extinguisher 2 Kg,Fire Extinguisher
Coasters,Plastics
COATED GLOVES,Textiles
Coats- Field Staff,Textiles
Coconut Broom Stick,Bio
Coconut Shell,Others
Coconut Shells,Others
Cocopeat,Others
Cocopeat - 1 Kg (AC0080),Others
Cocopeat Scoop (CC004O),Others
coffee Powder,Others
Colin,Bio
Collection Centers Rent,Collection
Collection drive (E-waste),Collection
Collection Drive E-waste,Collection
Collection Services of Non Hazardous Recycled mat,Collection
COLOR PAPER,Paper
Color PP,Plastics
COLORED PLASTIC FLEXIBLE,Plastics
Colour LD,Paper
Colour Paper,Paper
Colour Pet,Plastics
Colour PP,Plastics
Commercial Vehicle procurement,Vehicle
Commissioning Charges,Charges
Compartment door work,Services
Compost,Compost
Compost Curing System,Compost
Compost Hut,Compost
Compost Hut-Bin,Compost
Composting Brick,Compost
Composting Consumables,Compost
Computer Repair,Services
Computer Table,Furniture
Conference Hall Charges,Charges
Consultancy Fee,Consultancy
consultancy services,Consultancy
Consulting Charges for E Waste Clearance services,Consultancy
Consumables,Consumables
Consumables delivery,Consumables
CONTRACTOR SERVICE ,Services
Conveyor Belt,Machine
Conveyor belt not worked and controlling wiring,Machine
Conveyor Machine,Machine
Conveyor Machine Installation Charges,Machine
Conveyor-VFD Problem,Machine
Co-ordination & Management Fee,Charges
Co-Ordination&Management Fee,Charges
Coordinator Fee ,Charges
Coordinator Fees,Charges
Copier Paper A4,Paper
Copper Bus,Wire
Copper Bus Bar,Wire
Copper flexible cable,Wire
Copper Wire,Wire
Copper Wire 1.6,Wire
Co-Processing Charges,Charges
Cordination Fees,Charges
Core copper cable,Wire
Cork Diaries - Hardbound,Paper
Cotton Mask,Textiles
Cotton Straw Pouch ,Textiles
cotton thread,Textiles
cotton thread roll,Textiles
Coupling washer,Others
Courier & Parcel Charges,Charges
Crane ,Machine
CRANE HIRING CHARGES,Charges
Criminal Check,Others
Crimping,Others
CT COM,Others
CT- Upcycled Bantings,Paper
CT- Upcycled Bells - Big,Others
CT- Upcycled Bells - Small,Others
CT- Upcycled Patchwork Bag,Bags
CT- Upcycled Patchwork Coasters,Plastics
CT- Upcycled Placemats,Plastics
Ctb 1803 Cantilever Tool Box Taparia,Others
CTB1805 Tool Box Metal,Others
CT-Upcycled Cloth Masks,Textiles
Cupboard,Others
Curd,Others
Cut Resestance Gloves,Others
Cutting and Sanding,Services
"Cutting Machine 8""",Machine
D.E.O Spanner 10by11 Taparia,Spanner
D.E.O Spanner 12by13 Taparia,Spanner
D.E.O Spanner 14by15 Taparia,Spanner
D.E.O Spanner 18by19 Taparia,Spanner
D.E.O Spanner 20by22 Taparia,Spanner
D.E.O Spanner 21by23 Taparia,Spanner
D.E.O Spanner 24by27 Taparia,Spanner
D.E.O Spanner 30by32 Taparia,Spanner
D.E.O Spanner 36by41  Taparia,Spanner
D.E.O Spanner 6by7 Taparia 24.58,Spanner
D.E.O Spanner 8by9 Taparia,Spanner
D.E.O Spanner16by17 Taparia,Spanner
Daily jaunt bag,Bags
Dangler/Tags,Paper
DC POT METER,Wire
DDT30PJC2,Others
Decomposer inoculants,Compost
Delivery Charges,Charges
Dell 18.5inch Monitor,Laptop
DELL LOGO,Plastics
Denim Diaries - Hardbound,Paper
Denim Diaries - Softbound,Paper
Denim Laptop Bag,Textiles
Denim laptop sleeve,Textiles
Denim Sling bag,Textiles
DEP 10 x 11 Dbye Spanner,Spanner
DEP 12 x 13 Dbye Spanner,Spanner
DEP 14 x 15 Dbye Spanner,Spanner
DEP 16 x 17 Dbye Spanner,Spanner
DEP 18 X1 9 Dbye Spanner ,Spanner
DEP 20 x 22 Dbye Spanner,Spanner
DEP 21 x 23 Dbye Spanner ,Spanner
DEP 24 x 27 Dbye Spanner ,Spanner
DEP 30 x 32 Dbye Spanner ,Spanner
DEP 8 x 9 Dbye Spanner,Spanner
DER 36 x 41 Dbye Spanner ,Spanner
DER 46 x 50 Dbye Spanner,Spanner
Design of webinar invite,Paper
DESIGNING CHARGER ,Laptop
Desktop Cabinet,Furniture
Desktop Computer,Laptop
Detention,Others
Detergent Powder - 1/2 Kg,Bio
Detergent Soap,Bio
Dettol H/W,Bio
Dettol Soap,Bio
Development & Integration Cost,Charges
Development of training materials,Services
Development of video for GIZ project,Services
Device Accessories,Machine
Dewatering Screw Press,Screw
Die Face Cutter,Others
DISH WASH,Bio
Dismantling Bench ,Others
Dispenser,Plastics
Display Port to Vga Converter,Laptop
Disposal and Processing Charge,Charges
Distruction Of E-waste,Services
Divyasree - 407/Bolero Vehicle Transportation Charges,Transport
Divyasree - Small Vehicle Transportation charge,Transport
DLink Cat 6 Cable,Wire
D-Link Cat 6 Cable,Wire
Dob Bags,Bags
Docket,Others
Doctor Consultation,Charges
Door to Door Collection,Collection
Dowel Pins,Others
Dpoint Waste Collection,Collection
Dr Waste to MRF,Others
Draw Bar Axle,Metal
Drive potentiometer,Switch
Drive Roller,Others
Drum,Others
Dry waste and Mixed waste Processing,Mixed Ewaste
dry waste bags ,Bags
Dry waste Clearance ,Dry
Dry Waste Payback,Dry
Dry Waste Reject,Dry
Dry Waste to MRF,Dry
DT 1_IMP_ NATURAL WHITE,Others
Dust Mask Yellow,Textiles
Duster Machine,Machine
Dusting Cloth,Textiles
DVR,Others
DWCC Fire Audit ,Others
E Waste ,Mixed Ewaste
E waste disposal (Hazardous E waste),Hazardous
E waste Tube lights ,Light
E.B Door work,Others
Earned Salary ,Services
Earth Pit,Dry
EASEL STAND,Plastics
ECG,Machine
Eco Board : 12mm,Board
Eco Board : 18mm,Board
Eco Board : 25mm,Board
Eco Board : 30mm,Board
Eco Board : 5mm,Board
Eco Board : 8mm ,Board
Eco Board Planter,Board
Eco Friendly Plantable Kit,Bio
Eco Round Neck Print,Bio
Education Check,Others
ELE Bend,Others
ELE Pipe,PVC
Electical cable,Wire
Electric Mesh for Shredder Machine,Machine
Electric router,Machine
Electric Work,Services
Electrical,Services
Electrical Audit,Services
Electrical Bulbs,Light
Electrical design,Others
Electrical Fittings,Wire
Electrical Items,Mixed Ewaste
Electrical Spares & Service,Services
ELECTRICAL WIRING ,Wire
ELECTRICAL WIRING MATERIAL,Wire
Electrical work,Services
Electricity AC 220V ,Air Conditioner
ELECTRICITY BILL(MONTHLY),Charges
Electronic weighing scale service,Services
Electronic Weighing Scale Spares,Machine
Eletrical Equipments old conveyor,Machine
Ellenvipro Organic Wet Waste Composter,Compost
Elmec PP Thread 840/2/y 1000 mtrs cone - White colour,Textiles
Emergancy Box & Connection,Wire
Emergency board,Board
Emergency Lights,Light
Emergency Preparedness Training,Awareness
Emergency switch,Switch
Employee ESIC,Services
Employee PF,Charges
Engineering & Execution,Charges
ENI Hydraulic Oil Aw 68(210 Ltr)(N),Others
Envelope,Paper
Enzyme Premix,Bio
EPR Consultancy Fee,Consultancy
EPR Credit Transfer,Charges
EPR E waste Credits,Charges
EPR FEE,Charges
EPR incentive,Charges
ERECTION INSTALLATION CHARGES,Charges
ESD back to back Workstation - 2 Tier,Mixed Ewaste
ESD Tile Flooring,Tiles
ESD Tiles Flooring,Tiles
ESD Workstation - 2 Tier (Single Sided),Mixed Ewaste
ESSAE DS 215 N,Others
Essae Electronic Weighing Scale,Machine
"Ethical paper - 25""x36"" - 75 GSM",Paper
"Ethical Paper 25 X 36"" 100 GSM",Paper
Ethical sourcing incentive,Charges
Ethical Surcharges,Charges
event,Awareness
Ewaste,Mixed Ewaste
E-Waste,Mixed Ewaste
E-waste Awareness,Awareness
E-waste Awareness Offline,Awareness
E-Waste Awareness Online,Awareness
E-Waste Awareness SPCB,Awareness
E-Waste Bin,Bins
e-waste channelization through collection drive,Collection
E-Waste Collection Drive,Collection
E-Waste Collection Drive.,Collection
E-Waste Collection Fee,Charges
Ewaste Compliance Charges,Charges
E-Waste Event conduction with SPCB,Awareness
E-waste offline awareness,Awareness
E-Waste offline awareness.,Awareness
E-Waste online awareness,Awareness
E-Waste online awareness.,Awareness
Exhaust Fan Installation,Fan
Exhaust Fans,Fan
Exo,Bio
Exo - bar,Bio
Exo bar,Bio
Exo dish wash,Bio
Expired Salt Disposal,Bio
Extra Curricular Activities,Awareness
EXTRA KILOMETER,Others
Extra KM,Others
EXTRA KM.,Others
EXTRA KM...,Others
ExxtendIT Consumables,IT
ExxtendIT fabrication work,IT
ExxtendIT Services,Services
Fabric note book (A4),Paper
Fabric note book (A5 - size 1),Paper
Fabric note book (A5 - size 2),Paper
Fabric Work & Labour Charges,Charges
Fabricated collection chute for 2 out puts,Collection
Fabricated Feeding platform,Others
Fabricated Stand for Vib screen,Others
Fabrication,Others
Face Device,Machine
FaceBot (f31) - Face Recogniti on Attendanc e and Access Control System,Machine
FaceBot (f31) - Face Recognition Attendance and Access Control System,Machine
Facility Manager / Entrpreneur,Charges
Fan,Fan
Fan  Fitting Charges,Fan
Fan Belt,Fan
Fan Clamp,Fan
Fan connection & Cable routing Lab or charges ,Fan
Fan fixing and laying with laber charges,Fan
Fan Switch Box Fixing,Fan
FD24H Socket FD24H ,Switch
Fee Certification,Charges
Fevi Stick,Others
Field Staffs Uniform,Textiles
Filed staff cost,Charges
Files,Paper
Fire alarm work,Services
Fire and Machine Safety Audit ,Machine
Fire Extinguisher Equipment ,Fire Extinguisher
Fire Extinguisher Safety Valve,Fire Extinguisher
Fire Fighting & First Aid with  Training,Awareness
Fire Fighting System Inspection,Awareness
Fire Fighting Work,Services
Fire Safety Audit,Services
First Aid Box With Content,Plastics
Fitting Charges,Charges
Fixing of control door bell 230V,Charges
Flexible Cable,Wire
Flexible intermediate bulk containers with liner,Box
Flexible lapp cable,Wire
Flexible Plastic,Plastics
Float glass,Others
floor cleaner liquid,Bio
Floor Cleaning Scrubber ,Bio
Floor Laying Charges,Charges
Floor Marking,Tiles
Floor Marking Tape,Plastics
Floor Stand for ABC 04 kg F/E,Others
Floor wiper,Plastics
Flooring Matt,Plastics
Fly management,Services
Fly Managemnet,Services
Flyer,Paper
Flyers,Paper
FMCG White,Others
Foam,Thermocol
Foam-,Thermocol
Foam (colour),Thermocol
Foam she et with sticker 8x4and fixing charges,Thermocol
FOG startup,Others
FOG-Startup,Others
Foil Paper Waste,Paper
Folders,Paper
Food & Lodging,Charges
food and beverages,Bio
FOOD GRADE WHITE PP,Plastics
Food Waste Composting Unit,Compost
Food Waste Processing,Services
Food waste processing..,Services
Forklift,Others
Forwarding Charges,Charges
Frames - Modification ,Others
Frames Powder Coated,Others
FREEMANS COMBINSTION PILER,Others
FREEMANS WIRESTIPPER,Others
Freight Charge,Charges
Fresher,Bio
Freshner,Bio
Freshner-room,Bio
Fright,Charges
Fright Charges,Charges
Front squeeze rubber,Rubber
FRP Bins,Bins
Fuel and Transport expense,Transport
Fuel charges Car,Transport
Furniture,Others
G.C,Others
G.I Wire,Wire
Garbage waste (infosys),Others
Garden Shredder Baldes,Machine
Garden waste clearance,Collection
Garden waste processing ,Compost
Garden waste Processing ..,Compost
Garden Work,Others
Gate Chain,Others
Gear Box,Box
Gear box and Motor Removing,Box
GENERAL WASTE COLLECTION SEVICES,Collection
GENERAL WASTE HANDLING SERVICES,Services
GH800 Club Hanmmer,Others
GI Bolt,Screw
GI scrap,Others
GI Wire,Wire
GI wire (Bale kambbi0,Wire
Gift box,Box
Gift Items (Tiffin Boxes),Box
Gift wrap,Paper
Glass,Others
Glass Bottle,Others
Glass loading charges,Charges
GLASS PP,Plastics
Gloves,Textiles
Gloves & Mask,Textiles
Gloves (AC0180) ,Textiles
GMT WASTE COLLECTION & PROCESSING,Collection
GOBBLE MAX COMPOSTER KIT,Compost
Gong bell,Machine
Goods transportation charges from Banagalore to saint gobain  Chennai on 22.02.2025,Transport
Gps Tracker Devise,Machine
Graphic Designer,Others
Grease gun,Others
Green Coat apron,Textiles
GREEN TECH UPC WINDOWS INCLUDING  INSTALLATION,Services
GREEN TECH Upvc FIXED INDCLUDING  FITTING ,Services
Grocery,Bio
GTW160 Torque Wrench 50_220NM 1by2inch  Sq Dr,Others
Gum,Others
Gum Boot,Others
GUN COMMERCIAL,Others
Hair net,Others
Half moon sling,Others
Hand Gloves,Textiles
Hand Pallet truck,Others
Hand wash,Bio
Handwash,Bio
Handwash Station ,Bio
Hard broom,Bio
Hard Disk,Laptop
Hard Disk Shredding Service,Machine
Hard disk shredding service charge,Charges
Hardbound Dairy,Paper
Hardbound Diaries,Paper
Hardware Box,Box
Hardware items,Plastics
HARPIC,Bio
Harpic 1ltr,Bio
HARPIC 2,Bio
Harvester Tool,Others
Hazardous Waste Disposal,Hazardous
HDPE,HDPE
HDPE & PP Caps,HDPE
HDPE (colour),HDPE
HDPE (TR),HDPE
HDPE (White),HDPE
HDPE- Bottle,HDPE
HDPE Credits,HDPE
HDPE Grade - 2 ,HDPE
HDPE Grade 1,HDPE
HDPE Grade- 1,HDPE
HDPE Grade 1 FMCG,HDPE
HDPE Grade 2,HDPE
HDPE Grade 2 Non FMCG,HDPE
HDPE JOB WORK,HDPE
HDPE Nursery Nets,HDPE
HDPE Regrinds ,HDPE
HDPE TR,HDPE
HDPE/PP Woven Bags,HDPE
HDPE-Cover,HDPE
HE00404-Hex Bolt,Screw
HE00407 Nylon Load Wheels With Bearing h,Machine
HE00409-Nut,Screw
HE00410-Spring Washer,Washer
HE00601-Dowel Pin,Others
HE00604-Spacer,Others
HE00606-Axle,Metal
HE00607 Nylon Rollers With Bearing ,Machine
HE00701 Battery,Battery
HE00816-Carbon Brush,Plastics
Head cap,Textiles
Health Camp,Services
Health Check Up,Services
Heatex,Others
Helmet,Metal
Highlighter,Plastics
Hikvision 16 Channel NVR,Camera
Hikvision 2 MP Dome_Bullet camera DS_2CD1023G0E_I,Camera
Hikvision 2 MP DS_2CD1323G0E_I Dome Camera,Camera
Hikvision 4 Port POE DS_3E505P_E_M GIGABIT,Camera
Hikvision PTZ 2 MP DS_2DE4225IW_DE,Camera
Hindi Translation Services,Services
HM,Others
HM Granules,Others
Holder & Plug,Switch
Hopper,Others
HORIZONTAL AUTOMATIC,Others
Hose pipes,PVC
Hose reel Drum,Others
House Keeping Materials,Bio
HP 430 G5 LAPTOP SCREEN,Laptop
HP ADAPTER,Battery
HP D-PANEL,Laptop
HP SPEAKER,Laptop
HRT tissue roll,Paper
HT 224 220g 0.0001g 80mm Dia Analytical Balance With Density Measurement Kit,Machine
Huawei E8372 4G/LTE Wi-Fi Wingle ,Laptop
Hub & Spoke Waste Collection,Collection
Hulladek Collection Center ,Collection
Hydraulic Baling Machine,Machine
HYDRAULIC BALL VALVE,Machine
Hydraulic cylinder,Machine
Hydraulic Hand Pallet Truck ,Machine
Hydraulic Oil,Bio
Hygiene kit,Bio
Hygiene kit Men,Bio
i3 10th Gen,Laptop
Ice Cup,Paper
ICE Cupes,Paper
Ice cups,Paper
ID Cards,Paper
Identity Check,Others
IIOT Platform Annual Subscription,Charges
IKON CUTTER,Machine
IKON MAGNETIC WHITE BOARD DUSTER,Board
Impact Wrench,Others
Inbuilt Battery,Battery
Inbuilt-Battery,Battery
Incentive ,Charges
incentive for milk pouches ,Charges
Inclined Conveyor Welding For Roller (Stainlees Steel),Machine
Inclined conveyor with Blower & Air chute,Machine
Industrial bell,Machine
INDUSTRIAL EMPLOYEE LOCKER,Machine
Industrial fan,Fan
Industrial Gong Bell,Machine
Industrial Siren,Machine
Infosys - Ace Transportation charges,Transport
Infosys - canter Transportation Charges,Transport
Infosys - Shols Glass Clearance,Others
Infosys M. City Canter Transportation and Processing,Transport
Infosys M. City Glass Clearance,Others
Infosys M. City Negative value materials clearance,Others
Infosys-Mcity Glass Clearance,Others
Infosys-Wet Waste Collection,Collection
Ink tank printer,Printer
Inlay Card,Paper
Installation & Service Charges,Services
Installation and fixing and IP setting,Services
Installation Charges,Charges
Installation of RS232 port,Charges
Insulate Tape,Plastics
Insulation Tape,Plastics
Insution Tape 2 nos,Plastics
Integrated Software for SWM Operations,IT
Integrated Wifi Module,Internet
Integrated Wifi-Module,Internet
Inter Lock,Internet
Internet ,Internet
Internet - Monthly,Internet
Internet Expense,Internet
Inverter,Machine
Inward Register,Paper
IoT Device Kit,IoT
IOT Gateway Device,IoT
IOT Gateway Devices,IoT
IOT professional Services ,Services
IoT/VSQC Support,IoT
IP Box Enclosure ,Box
IP Camera service,Camera
Iron,Metal
Iron Sheets,Metal
Iron Tin,Metal
IT Equipment- Refurbishment Facility,IT
ITEW 15,Mobiles
ITEW 2,Laptop
ITEW 21,Scanner
ITEW 3,ITEW 3
ITEW 6,Printer
ITEW 7,Copying Machine
ITEW 9,Systems
ITEW1,ITEW 1
Jacket,Textiles
JCB COST,JCB
JCB Loading,JCB
JOB WORK,Services
JUICE CUP PP,Plastics
Jumbo Bags,Bags
Jute Bags,Bags
Jute Folders,Textiles
Jyoti Foods Clearance and Processing,Bio
Kadak,Others
Katran AWS Large 1 unit,Katran
Katran D leaf S05 1 unit,Katran
Katran Dleaf 202.,Katran
KATRAN-OWC,Katran
Key Rod,Metal
Key Switch,Switch
Kirloskar Make KDS 235 Pump,Machine
KM9V Allen Key Set (1.5 to 10mm),Metal
Knife Uk3  Taparia,Others
Kora Bags,Bags
Kora Bags Big,Bags
Korai Boxes 3by3 inches,Box
Korai Boxes With fabric  4by4 inches,Box
Kraft Box Scrap,Box
Kraft cover Diaries,Paper
L clamps,Screw
Labor charges,Charges
Labour Charges,Charges
labours charges,Charges
laminate  sheet,Sheet
Laminates,Sheet
Laptop tech kit,Laptop
Large Bags,Bags
Laying Charges,Charges
Laying Charges for ESD Tiles Flooring,Charges
Laying og 2 core & cable routing labour charges,Charges
LCD,LED/LCD/TV
LCD Projector,LED/LCD/TV
LD Polypack,Others
LDPE (Colour),LDPE
LDPE (Grade 1),LDPE
LDPE (Grade 2),LDPE
LDPE (Grade 3),LDPE
LDPE Credits,LDPE
LDPE-Cover,LDPE
Leaf Composter,Compost
Leaf Composting Infrastructure,Compost
Leaflet,Paper
Leave Cards,Paper
LED Bulb,Light
LED Light Installation,Light
LED Tube Bulb,Light
LENOVO C- TYPE ADAPTER,Laptop
letter,Paper
Lid light,Light
Light removing charges,Charges
Lithium Ion Battries,Battery
Loading ,Others
Loading Charges,Charges
Logo Designing,Others
Logo Loop Tag,Paper
Long Rake 3,Others
LoRaWAN Multi Channel Indoor Gateway,Internet
LoRaWAN RS232 Interface,Internet
Low Value Plastic (LVP),Plastics
LR Charges,Charges
LR COPY,Paper
LT metering & Laisoning work,Services
Lunch,Services
Lunch Bench,Others
Lunch Coupona,Paper
Luxor correction pen,Plastics
LUXOR WHITE BOARD MARKER,Plastics
LWF,Others
M S Angles,Others
M S Flats,Others
M S PARTITION WALLS,Others
M S Pipe,PVC
M/Foam 45Ltr Capacity,Thermocol
Macchine Screw,Screw
Machanical walk behind sweeper,Machine
Machine Shifting & RPG Training,Awareness
Machine Spares,Machine
Machinery for ZWP,Machine
Magazines,Paper
Main motor ON/OFF switch,Machine
MAINTENANCE,Services
Management cost,Charges
manpower services,Services
Manual Baler Machine,Machine
Mask,Textiles
MASKING TAPE,Plastics
Material,Others
Material Compounding,Others
Material cost,Charges
Material Movement ,Others
Material Purchase,Charges
Material purchase andwans ,Charges
MATS (SCF),Textiles
MATS (SCF)-,Textiles
Mattress,Textiles
MCB Fixing ,Switch
MCB plate,Switch
Mcb SP 6,Switch
MCG Detention Charge,Charges
Medical health check charges,Charges
Medical Test,Charges
Melt Flow Index - Deluxe ( Model No : MFI - DX),Others
Men Uniform,Textiles
Metal chair,Metal
Metal Detector,Metal
Metal Locker( powder coated),Metal
Metal MS,Metal
Metal- Silver,Metal
Metal Works,Metal
Metalized MLP,Metal
Mezzanine Floor,Tiles
Mezzanine Flooring,Tiles
Mezzanine Hook Work,Tiles
Milestone One Advance Payment for Project Initiation,Services
Milestone One(Zoho Creator MRF Dashboard),Services
Milestone Two Implementation of Zoho Creator PRF Dashboard,Services
Milk,Bio
Milk Cover - SI Expenses,Plastics
Milk for Tea,Bio
Milk Pouch,Plastics
milk pouch incentive ,Plastics
Milk Pouch.,Plastics
Milk Pouches,Plastics
MILK SUPPLY,Bio
Miscellaneous Work,Others
Mix E Waste for the month of Jan'21,Mixed Ewaste
Mix Foam and Thermocol,Thermocol
Mix plastic,Plastics
Mix Waste Plastic Scrap,Plastics
Mixed Black pp,Plastics
Mixed colour paper,Plastics
Mixed E waste,Mixed Ewaste
Mixed Flexible Plastic,Plastics
Mixed ldpe,LDPE
Mixed Metal,Metal
Mixed Natural PP,Plastics
Mixed Plastic,Plastics
MIXED PLASTIC WITH NATURAL ,Plastics
MIXED PUGGA,Plastics
Mixed Rigid Plastic,Plastics
Mixed Shredded HDPE.,HDPE
Mki Dol Statar L&T,Others
MLP,MLP
MLP-,MLP
MLP & disposable materials,MLP
MLP Waste,MLP
MLP-LVP,MLP
MODEL SURFACE BOX,Box
Modular type ABC 5Kg capacity fire extinguisher,Fire Extinguisher
module plate & box,Box
Momentom frames,Plastics
Monitor,Laptop
"Monitor 19""",Laptop
monitor repair,Laptop
MOP,Bio
Mop Set,Bio
Motherboard,Laptop
Motor Mounting Plate,Machine
Motor starter,Machine
MRF Plant Machines,Machine
MS BAR,Others
MS Frame,Others
MS frame for IOT,IoT
MS Sections,Others
MS Shredder,Machine
MS Sorting table,Furniture
MS STEEL FABRICATION 60/60 SQUARE  18METER ,Metal
MS TUBE,Others
MSEAL EPOXY COMPOUND,Bio
Muffle Furnace - Digital ( Size : 5x5x10 inches ) 900 Degree Celcius,Machine
Multy Layered Plastic,Plastics
My Operator Toll Free Number,Others
MyGate Community Engagement Programme,Awareness
N95 Mask,Textiles
Nail Traum Machine,Machine
Nataraj Ball Pen,Plastics
Natural HDPE,HDPE
Natural mix ,Others
Natural PP,Plastics
Natural shredded HDPE,HDPE
Natural Tube,Others
Natural tubes ,Others
NC Element,Others
NC Elimante,Others
Negative (-) Terminal -HS-E,Others
Negative value materials,Others
Network Plate,Others
Network Rack 2U,IT
Networking Accessories - ExxtendIT,IT
New Compost Microbes 1 Kg  (AC0110),Compost
New Starter Fixed,Others
New Supply of ABC 6KG Capacity F/E.,Others
New Supply of CO2  4.5 KG Capacity F/E,Others
New Supply of Hose With Horn for C02 4.5 KG Capacity F/E,PVC
News Paper,Paper
News Paper Ads,Paper
Night Time security charges at DWCC,Charges
Noise sample analysis,Others
Non bio degradable waste in exess,Bio
Non Drive Roller,Machine
NON HAZARDOUS WASTE ,Mixed Ewaste
NON TERRABLE SHEET,Sheet
Normal File,Paper
Normal lights,Light
Note Book,Paper
Notebook,Paper
Nozzle for Hose reel,PVC
Nut,Screw
NVR 16 Channel,Camera
OBP Incentives,Charges
Odonil,Bio
Office,Charges
Office fan,Fan
Office Files  ,Paper
Office Stationary,Paper
Office tables work,Furniture
Oil Cover,Bio
O'joy Leaf Composter,Compost
Old company switch box and all wires removed,Switch
Old company switch box and fan removed,Switch
One Paramount - Ace Transportation (Dry),Transport
One Paramount Reject Transportation,Transport
One Paramount Wet Transportation,Transport
Onile Configeration with software,IT
onion,Bio
Operations charge,Charges
Operations-Travel-Food & Lodging,Charges
Other Electrical Work,Charges
Others,Others
Others - Dry Waste,Dry
Others - Dry Waste-,Dry
Outdoor bracket,Others
Outer brick wall,Others
OWC 130,Others
Owc Choppor Blades,Machine
OWC Consumables,Consumables
OWC Gaia 800 (CC1000) ,Others
Owc Main Motor Cooling Fan,Fan
Owc Shreder Blades,Machine
PACKING,Services
Packing & Forwarding Charges,Charges
Packing Charges,Charges
Packing Material,Others
Padmini Manpower and Transportation ,Transport
Paint,Bio
Paint bucket,Plastics
Paint Buckets(White PP),Plastics
Paint pails,Plastics
Palli,Others
Palm Boxes 5by3 inches,Box
Palm Trays 8by2 inches,Tray
Panel Box,Box
Panel kits,Box
Pape sampling charges,Charges
Paper Bags,Paper
Paper Bowl,Paper
Paper Box,Paper
Paper Cups,Paper
Paper pen,Paper
paper pencil,Paper
Paper sand,Paper
Paper Shredding,Paper
Park Bench,Others
Park Hyatt Transportation,Transport
Participation fee,Charges
Partition work,Charges
PC Assembling Cost,Charges
PC Rubber gloves ( yellow inside lining),Rubber
Pedestal Air Circulator (Fan),Fan
Pedestal Air Circulator Fan,Fan
Pedestal Fan,Fan
Pen,Plastics
Pen & Marker,Plastics
Penalty Charges for Weighing Scale Calibrations,Charges
Pens & Markers,Plastics
Penstand,Plastics
Permanent marker,Plastics
Pest Control Service,Services
pest management services,Services
PEST SERVICE,Services
PET,Bottles
Pet bales,Bottles
Pet bottle white,Bottles
Pet Bottles,Bottles
PET Bottles- Green ,Bottles
Pet bottles scarp ,Bottles
PET BROWN,Bottles
Pet Caps,Bottles
PET Job Work ,Bottles
PET LIQUOR,Bottles
PET OBP,Bottles
PET Sorting Unit,Bottles
PET-Bottles,Bottles
Phenol,Bio
Phenyl Compound,Bio
PHILIPS 20W INVERTER T BEAM LED BULB,Light
Photo frame hanger and hinges,Plastics
Photo frames,Plastics
Photoshoot charges,Charges
Physical Audit,Charges
PICK UP VEHICLE,Transport
PIPE BEND,PVC
Pitch Forks and Spades,Metal
Plant with ceramic pot,Others
planter handle charges,Charges
Plaster of paris,Bio
Plastic,Plastics
Plastic Bowl (Different Sizes)  (AC0320),Plastics
Plastic Buckets Small (AC0330,Plastics
Plastic Cans,Plastics
Plastic Chairs,Plastics
Plastic Crates with Lid,Plastics
Plastic Drum with Lid (AC0340) ,Plastics
Plastic HDPE,HDPE
Plastic LDPE,LDPE
Plastic Milk Bags,Plastics
PLASTIC SCRAP FLEXIBLE,Plastics
PLASTIC STRAPPING(PACKING MATRIAL),Plastics
Plastic Waste,Plastics
Plastic Wheelie Bins (660 L),Bins
Plastic wiper,Plastics
Plastics,Plastics
PLATFORM SCALE,Others
PLATTER SIZE 700 X 800 MM MS SINGLE LOAD CELL PLATTER,Battery
Plug Kattai,Switch
Pneumatic Hose 8mm ,PVC
Pocha,Bio
POE Switch,Switch
police verification charges,Charges
Polyal Corrugated Roofing Sheet,Sheet
PolyAL-MS Furniture,Others
Polycab Wire,Wire
Polycarbonate sheet - 2mm,Sheet
Polypropylene and Polyethylene,Sheet
Portable Toilet,Bio
Positive (+) Terminal -HS-E,Switch
POST CONSUMER LAMINATE {PCL},Sheet
Post Consumer Tetra Cartons,Consumables
Post Consumer Tetrapak Carton,Consumables
poster,Paper
Potentiometer,Switch
PP,Plastics
PP Bags,Plastics
PP Bottles,Plastics
PP Crates,Plastics
PP Credits,Plastics
PPCP Chips,Plastics
PPCP Granules,Plastics
PPCP Grinding & Washing ,Bio
Presser Rod,Metal
Pressfit 1.5sqmmx2 core cable,Wire
PRESSFIT 6+6 SPIKE GUARD,Metal
PRESSFIT INDUSTRIAL TESTER,Metal
Print LDPE,LDPE
Printed Sheets,Sheet
process charges,Charges
Process over buzzer,Others
Processing & Handling charges,Charges
Processing Charges,Charges
Processor,Others
Professional Fee for filing the Application+ Follow ups  +Response to an office,Charges
professional fees,Charges
Professional Services Towards 100% Advance on signing of MOU & starting the project for Saahas DFL Training,Services
Professional Services Towards 100% Advance on signing of MOU and starting of the Project for Livlihood,Services
Professional Services Towards 70% Advance on signing of MOU & Starting the Project for EDP Training,Services
PUGA,Others
Pull Rod Assy,Metal
Pulley conduct ,Others
Pump piston,Machine
PUNE_DEVIL CIRCUIT OPERATIONS,Wire
purchase,Charges
Purchase of raw material from vendor,Charges
Purchases,Charges
Push Button Starter For Vib screen ,Switch
Push Pin Board,Board
PVC,PVC
PVC Band,PVC
PVC Belt conveyor-flat,Machine
PVC Box,Box
PVC Clamp 6mm,Screw
PVC Conveyor Belt,Machine
PVC PIPES,PVC
PVC Rubber gloves (plain),Rubber
PVC VINYL PRINT,PVC
PVC VINYL SELF ADISHIV PRINT,PVC
Quality check expenses,Charges
Rack,Furniture
Radio Activity Program E Waste Awareness Activity FY 20_21,Others
Rafia,Others
Ram,Others
Ram 8GB,Others
RAMBO COMMERCIAL 100 LTR,Others
Ramp work,Others
Receipt Book - Carbonless paper 1+1 (100 Pages/Book),Paper
Recharging fire extinguisher,Fire Extinguisher
Recharging Of ABC 4 KG Capacity F/E,Others
Recharging of ABC 4 KG Capacity F?E,Others
Recharging of ABC 6 KG Capacity F/E,Others
Recharging of ABC 6KG Capacity F/E,Others
Recharging of C02 4.5 KG  Capacity F/E,Others
Recharging Of CO2 4.5 Capacity F/E,Others
Recharging of M/F 50 Ltr Capacity F/E.,Others
Recycled Ceramic Bowl,Ceramic
Recycled Ceramic Mug,Ceramic
Recycled Ceramic Mug-Vasu,Ceramic
Recycled Ceramic Mug-Vyom,Ceramic
Recycled Certificates,Paper
Recycled Composite Board Ecolink 1220*1220*8mm,Board
Recycled Composite Board Ecolink 2440*1220 * 18mm,Board
Recycled Composite Board Ecolink 2440*1220*6mm,Board
Recycled M-Fold Tissue,Paper
Recycled Paper,Paper
Recycled Paper - Pen,Paper
Recycled Paper A4 Reams,Paper
Recycled Paper Diaries,Paper
Recycled Paper Frames,Paper
Recycled Paper Pencils,Paper
Recycled Paper Visiting Cards,Paper
Recycled Pens (Cap),Plastics
Recycled Pens (Click),Plastics
Recycled PET - Polyester Cotton Polo T-Shirt,Textiles
Recycled PET - Polyester Polo T-Shirt,Textiles
Recycled PET Cotton Polo T-Shirt (50% cotton and 50% Polyester),Textiles
Recycled PET Polo T-Shirt,Textiles
Recycled Plastic Sheet,Sheet
Recycled Plastic Sheet - 6MM,Sheet
Recycled storage rack,Furniture
Recycled Toilet Roll,Paper
Recycled TP - A4 Reams - 500 Sheets in A Pack,Paper
Recycled TP - Coasters,Plastics
Recycled TP - Pen Stand (Double Cavity),Plastics
Recycled TP - Pen Stand (Single Cavity),Plastics
Recycled TP - Reprocessed Composite Board (8ft x 4ft,Board
Recycled TP - Tissue Roll - Medium,Paper
Recycled TP - Tissue Roll - Small,Paper
Recycled TP - Tray (Big),Tray
Recycled TP - Tray (Small),Tray
Recycled TP Composite Board 8ft x 4ft,Board
Recycled TP Pen Stand - Single,Plastics
Recycled TP -Photo frame,Plastics
Recycled TP PolyAl Flat Sheets - 8ft x 4ft,Sheet
Recycled TP PolyAl Tables,Furniture
Recycled TP- SZW Notebook (80 Pages),Paper
Recycled TP- SZW Notepad (20 Pages),Paper
Recycled TP- SZW Notepad (40 Pages),Paper
Recycled TP Tray - Large,Tray
Recycled Tp-Polyal Flat Sheet,Sheet
Recycled waste bin with Metal,Metal
Recyled Pen Stand 1,Plastics
Red Shredded HDPE.,HDPE
ReDenim Event Tote w/ custom print,Textiles
Redenim Founder  Bag,Bags
ReDenim Half Moon Sling,Bags
ReDenim Hustler Bag 15 inch,Bags
Redenim Slim Laptop Bag,Bags
Redundant Book Scrap,Paper
Referral Fee,Charges
Refilling ABC Powder Type Fire Extinguisher,Fire Extinguisher
Refilling CO2 Type Fire Extinguishe,Fire Extinguisher
Refilling of  Mechanical Foem 50 Ltr Capacity F/E,Others
Refilling of fir Extinguisher ,Fire Extinguisher
Refilling Of Mechanical Foam 50 ltr Capacity F/E,Thermocol
Refrigerator(CEEW2),Refrigerator
Refurbished work station,IT
Refurbishing plant rent,Charges
Refurbishment Consumables,Consumables
Registers and Books,Paper
Registration Charges ,Charges
Reject Transportation,Transport
Reject waste Clearing,Services
Reject waste transportation & Processing,Transport
Rejects Transportation & Processing - One paramount,Transport
Rejects waste processing charges,Charges
Rema Connector,Others
Rent,Charges
repair and maintenance charges,Charges
Repair charges for DWK device,Charges
Repaired the Baling Machine (Sensor problem),Machine
Report Design,Others
Resource Charges,Charges
Return Roller,Machine
Revo Bag Closing Machine,Machine
Revo Bag Closing Machine Model : DAD,Machine
"Rice bran plate 10""",Plastics
"Rice bran plate 12""",Plastics
"Rice bran plate 7""",Plastics
Ricron 12mm,Others
Ricron 18mm,Others
Ricron 25mm,Others
Ricron 30mm,Others
ricron 5mm,Others
Ricron Delta 8mm,Others
Ricron flate sheet - 8 mm,Sheet
Ricron Roof Sheet,Sheet
Ricron Sheet,Sheet
Ridges,Others
Rigid plastic,Plastics
Ring Spanner 10by11 Taparia,Spanner
Ring Spanner 12by13 Taparia,Spanner
Ring Spanner 14by15 Taparia,Spanner
Ring Spanner 16by17 Taparia,Spanner
Ring Spanner 18by19 Taparia,Spanner
Ring Spanner 20by22 Taparia,Spanner
Ring Spanner 21by23 Taparia,Spanner
Ring Spanner 24by27  Taparia,Spanner
Ring Spanner 6by7 Taparia,Spanner
Ring Spanner 8by9 Taparia,Spanner
Rings,Others
Rixron Ridges,Others
RO WATER DISPENSER CUM COOLER ,Machine
Road Waste,Dry
Robotic sorting arm,Machine
Rock Wool Handling,Others
Rodent management,Others
Roof Angle Fabrication Work (30Feet Height ),Others
Roofing Sheet fitting,Sheet
Roofing sheets,Sheet
Room air freshener ,Bio
Room Freshener,Bio
Room Freshner,Bio
Room Spray,Bio
Room Sprey,Bio
Room-Freshner,Bio
Rope work,Others
Rotary Parts,Others
RS 10mm,Others
RT8O9F,Laptop
RT8OgH 3lADAPTER,Laptop
Rubber,Rubber
Rubber Door Mat,Rubber
Rubber Dust ,Rubber
Rubber floor mat interlocking type (20mm,Rubber
Rubber Gloves Surf,Rubber
Rubber Stamp,Rubber
Rubber tube ,Rubber
S S Sorting Table,Furniture
S.S Trough Table,Furniture
Sacks and Bags,Bags
Safety Gloves,Rubber
Safety Goggles,Plastics
Safety helmet yellow,Plastics
Safety net 10/175 ,Others
SAFETY SHOES,Others
SAFETY SHOES - FUEL,Others
Safety shoes - Hilson workout,Others
Safety Shoes - Ladies,Others
SAFETY SHOES - PRIDE,Others
Safety Shoes- Fuel,Others
Safety valve,Others
Salary,Charges
Salt - Sugar,Bio
Sample box charges ,Box
sand bucket,Plastics
Sanitary chamber cleaning,Charges
SANITIZER,Bio
SANITIZERS,Bio
Sarees for ladies,Textiles
Sarvam Monitoring and Evaluation,Charges
Satin Black,Textiles
Satin Standees,Standee
SAW DUST,Others
Scaffolding Material Rental Charges,Charges
Scanning Box,Box
SCF,Others
SCF-,Others
School Bench,Others
Scissor Lift Table ,Furniture
Scissors,Others
Scrap,Others
Scrap Clearing & Disposal,Others
Scrap Microwave Ovens,Mixed Ewaste
Scrap Office goods,Others
Scrap-Mixed Plastic,Plastics
Scratch & Patch,Plastics
Screen printing ,Printer
Screw Driver Set BDS 125 Taparia,Screw
Scrubber brush,Bio
Seagate 4TB Surveillance HDD,Camera
Seal Kit Assy,Others
Seating Sheet work ,Sheet
Second grade Black PP,Plastics
Security Deposit,Charges
Security Services ,Services
Segregating Stand ,Others
Segregation labour charges,Charges
Seive,Others
Self Leveling Compound,Others
self screws,Screw
Semi Electric Stacker,Machine
Semi Electric Stacker service & Maintainance,Services
Semi Sorted-,Others
Sensor cable 4 core,Wire
Septic tank Clearance,Services
Servers & Acc,IT
Service Care Payment,Services
Service Charges,Services
Service charges for assembling & disambling conveyor ,Services
Service charges for baler machine,Services
Service Charges for WMGT,Services
Service Fee-Plastic Waste Collection,Services
Service Sharges,Services
SERVICES,Services
Servos Massimo IP Tall tubular  battery,Battery
Shaft Pul,Others
Shed drawing & Machine layout,Machine
Sheet Cutting,Sheet
Sheet Extrusion,Sheet
Shipping & Handling Charges,Charges
Shipping Charges,Charges
Shipping-Charges,Charges
Shivanika foods Clearance,Bio
Shoes & Slippers,Rubber
Shoes & Slippers-,Rubber
Shovels 2),Metal
Shredded Black PP,Plastics
Shredded Color PP,Plastics
Shredded Mix HDPE,HDPE
Shredded Mixed PP,Plastics
Shredded Natural PP,Plastics
Shredded Paper,Paper
Shredded PP,Plastics
Shredded TR HDPE,HDPE
Shredded White HDPE,HDPE
Shredded White PP,Plastics
Shredded White PP Food plate,Plastics
SHREDDER CUTTERS,Metal
SHREDDER MACHINE,Machine
Signage and Paper Board,Board
Signage Board,Board
SIGNAGE BOARD 10*10,Board
SIGNAGE BOARD 10*24,Board
SILICON SEALANT,Bio
Single Box Baler,Box
SINGLE TUBE ZOOM MICROSCOPE,Metal
single use mask,Textiles
Siren,Machine
Sisal Fibre Straw Cleaners,Plastics
Site fitting and labour,Others
Site rental for debris storage,Others
Slim laptop bag (bag pack),Bags
Small Bags,Bags
Small Vehicle Accenture dry clearance,Vehicle
Small Vehicle Infosys Mcity glass clearance,Vehicle
Small Vehicle Infosys Shols Dry clearance,Vehicle
Small Vehicle One Paramount Dry,Vehicle
Soap,Bio
Soap Oil,Bio
Social inclusion incentive support,Others
Social Inclusion Surcharge,Charges
Socket,Wire
Socket Fixing and connection ,Wire
Socks Black,Textiles
Soft Broom,Bio
Software Development,IT
Software Installation,IT
Sorted Material Purchase,Others
Sorted waste,Others
Sorting Cost,Charges
Sorting Staff,Services
SPCB Event for awareness,Awareness
Specimen Prep/Conditioning,Others
Spray Gun,Metal
Spray paint,Bio
Spring pump,Machine
spring verify,Others
Squeegee wheel,Others
Squeezer /  Floor Wiper,Bio
SS Bins,Bins
SS Chopper,Machine
SS Trough table,Furniture
SS Water Bottles,Bottles
SSCI WHITE BOARD 3FX4F ,Board
SSD,Others
stacker,Others
Standee,Standee
Standee 6x 3 New,Standee
Standee 6X3 Old,Standee
Standees,Standee
Starter 3hp,Machine
Stationary Charges,Charges
Stationery,Charges
Statutory  and Compliance Service,Services
Statutory & Compliance Services ,Services
Statutory and Compliance Services,Services
STATUTORY FEE FOR FILING TM EXXTENDIT under  cl 37 and cl 35.,Charges
Steal Scrubber,Metal
Steel,Metal
Steel 30 Door Mobile Locker,Metal
Steel Ball,Metal
Steel Glass door Almirah ,Metal
Steel straw,Metal
Stickers,Paper
Stitching Charges ,Charges
Storage Racks Fabrication,Furniture
Structural Design and consultation,Charges
Sub Lease Rent,Charges
Submission charges ,Charges
Suction motor 23 QV,Machine
Sugar,Bio
SUGAR/TEA POWDER,Bio
Sunboard,Board
Sunboard -Vinyle Printing with lamination,Board
Sunboard-Vinyle Printing with Lamination,Board
Supervisor Cost,Charges
Supervisor Uniforms,Textiles
Supply and Installation of CT operated energy meter,Machine
Supply and installation of Electrical work,Charges
Supply of Fire Blankets,Others
Supply of Fire Bucket,Others
Supply of Fire Extinguisher (ABC 4Kg),Fire Extinguisher
Supply of Signages,Others
Supply of Stand,Others
Surf exel,Bio
Surgical Mask,Textiles
Swing bearing,Machine
Switch Box,Switch
Switch box and 8 model box,Switch
SWITCH TYPE 1 MCB,Switch
SWP-Dry Waste (Payback),Dry
Symphony Sumo,Others
Syren fixing and connection,Charges
SyRotech Modem + Router,Machine
SZW Hard Bound Diary,Paper
SZW Notepad,Paper
T - Rolls,Paper
T Shirts,Textiles
T470s Base,Others
T470s KEYBOARD,Laptop
Table Frame,Furniture
Table structure,Furniture
Tables,Furniture
Tags,Paper
Tape,Plastics
Tape Insulation,Plastics
Tape Roll,Plastics
TAPE ROLL (DEER),Plastics
Tarpaulin 1,Sheet
Tarpaulin Sheet,Sheet
Tarpaulin Sheet (AC0420),Sheet
TATA ACE VEHICLE HIRED,Vehicle
TC Dol Stater,Machine
TCS@0.1%,Others
Tea glass,Paper
Tea Powder,Bio
Tea/Cofe,Bio
Technical Services,Services
telescope pole,Metal
Tensile Test,Others
TENT HOUSE ,Textiles
Testing & Training,Services
Testing Charges,Charges
Tetra Pak,Plastics
Textile,Textiles
Textile Bricks,Textiles
TGA,Others
THARMCOL,Thermocol
Thermacol ,Thermocol
Thermacol.,Thermocol
Thermocol (Ghatta),Thermocol
Thick Natural Plastic,Plastics
Thin Natural Plastic,Plastics
THINKPAD LOGO,Paper
THINKPAD LOGO SATA Y CABLE,Wire
Thinner,Bio
THREAD,Textiles
Thread roll,Textiles
Threading &  Threading welding work for Baling machine,Machine
Tiffin Boxes,Box
Tiffin Boxes - Gift,Box
tiltiag Arbour circular saw,Metal
Tinner,Metal
Tins,Metal
Tipper for C&D Debris Removal ,Metal
Tissue Papers,Paper
Toilet - brush,Bio
Toilet brush,Bio
Toilet Cleaner,Bio
Token advance,Charges
Toll Charge,Charges
Tools (crate 1,Metal
Toughened Glass,Others
Towards arranging calibration,Others
Tracking Device,Others
Training & Awareness Session of Waste Management,Awareness
Transit Insurance,Charges
Translation Service,Services
Translation Services,Services
Transparent - Cover,Plastics
Transparent Cover,Plastics
Transparent flexibles  Plastic,Plastics
Transport Charges,Transport
Transportation and labours charges,Transport
Transportation and Processing ,Transport
Transportation Chennai Enviro Engineers,Transport
Transportation of Paper waste,Transport
Transportationcharges,Transport
Travel expense,Charges
Travel Pouch,Textiles
Travelling Charges,Charges
Tray Big,Tray
Tray Small,Tray
Trays,Tray
Trolly Cabinet - Big,Furniture
Truck Cost,Charges
TRUCK UNION PADMINI,Charges
TRUE Certification,Others
TRUE Registration,Others
TV full unit,LED/LCD/TV
Twin Box Baler ,Box
Tyre purchase ,Charges
UK3 Utility Knifes,Metal
Ultimate handbag,Bags
Uniform Trouser,Textiles
Unlaminated HDPE Bags,HDPE
Unloading,Others
Unsorted Dry Transportation - One Paramount,Transport
Upcycled Cloth Bags,Textiles
Up-Cycled Denim Bag - Pack,Bags
Up-cycled Denim Bag-Pack ,Bags
Upcycled Denim Product,Bags
UPS & Battery,Battery
UPS Connection,Battery
UPS Repair,Charges
UPS Repaired and labour charges,Charges
UPS Switch not worked removed connection,Switch
USB Keyboard & Mouse,Laptop
USB TO SERIAL PORT CONVERTER,Laptop
Used Corrugated Boxes,Box
Used Fuel Filters,Others
USED LAPTOPS,Laptop
Used Lube Oil,Bio
Used Oil,Bio
Valve VE MPW 06_2 1 0 Y Yuken,Machine
VECHICLE HALT ,Vehicle
Vehice hiring,Vehicle
Vehicle fabrication,Vehicle
Vehicle Hold ,Vehicle
Vehicle holding chargers,Charges
Vehicle rent,Charges
Vehicle service and repair,Services
Vertiv 20 kva Ups,Battery
VFD AC Drive,Air Conditioner
VGF,Others
Vibrating feeder,Machine
Vibrating hopper feeder,Machine
Vibrating Screen,Laptop
Vibratory feeder VS,Machine
Vibratory feederr,Machine
Video Connector,Wire
Vinyl Sticker with Lamination,Wire
Vinyl sticker with lamination.,Wire
Vinyl sticker with sunboard,Wire
Vinyl Stickers With Matt lamination,Wire
Vinyl with 5mm Sun Board with Lamination,Wire
Vision sensing development,Others
Vision sensing edge device,Machine
Visiting Cards,Paper
VS Edge device,Machine
Walk Behind Scrubbing Machine,Machine
Wall Fan Clamp,Fan
WALL FANS,Fan
Wall mount kit,Others
Warehouse rent ,Charges
Waste Audit Fee,Charges
Waste Bin Ppt Wheelie90 Ltr,Bins
Waste Collection and Processing,Collection
Waste Handling,Charges
Waste Handling Charges ,Charges
Waste Management Service,Services
Waste Management Services  Imperial Anekal Waste  Collection and Transportation.  October 2025,Services
Waste Management Services Hub&Spoke Waste Collection and Transportation,Services
waste pickup & Processing,Collection
Waste Plastic Scrap,Plastics
waste Processing Charges,Charges
Waste Segregation Bin,Bins
Water Bottles,Bottles
Water Can Stand,Plastics
Water Charges,Charges
WATER CO2 TYPE 50 LTR,Plastics
Water Cup PP,Plastics
Water Dispenser,Plastics
Water Level Controller,Machine
water motor connection,Machine
Water motor not worked,Machine
Water Purifier,Machine
Water purifier service,Machine
Waterproof Aprons,Textiles
WATT LED B22 LAMP 6500K HAVELL,Light
WEIGH BRIDGE ,Others
WEIGH BRIDGE CHARGES,Charges
Weighing Scale,Others
Weighing Scale Repair Charges,Charges
Weighing scale service,Services
WEIGHMENT CHARGES,Charges
Weight Bridge Charge ,Charges
Weld mesh,Metal
Welding,Metal
Welding For Baling Machine,Metal
WELDING ROD,Metal
Wet Transportation - one Paramount,Transport
Wet waste Clearing,Wet Waste
Wet Waste Processing to Biogas,Wet Waste
wet waste processing to compost,Wet Waste
wet waste processing to Composting,Wet Waste
Wet Waste Sorting Trough,Wet Waste
Wheelie Waste Bin 240Lts,Bins
Wheels,Bio
wheels soap,Bio
White Board - 3'2,Board
White Cover,Paper
WHITE HDPE,HDPE
White Marker Board - 6x4',Board
White Paper,Paper
WHITE PP,Plastics
White PP Bucket,Plastics
White PP CP,Plastics
White Shredded HDPE.,HDPE
Whitener,Plastics
whitner,Plastics
Wifi bill,IT
Wifi dongle,IT
Wind Shield Glass,Others
Window Grill Work,Others
WINDOW Steel Mesh Fabrication,Metal
WINDOW Steel Mesh Fabrication ,Metal
Wipro Emerald LED 5W,Light
WIRE ,Wire
Wiring,Wire
WITH RS 232 CONNECTION,Wire
Witness Charge per day,Charges
Wood - gatta,Furniture
Wood gat POP slash  20 nos,Furniture
Wood gatta,Furniture
wood scrap,Furniture
Wood Screw,Furniture
Work Table,Furniture
woven bags,Bags
Yearly API License,Others
Yellow HDPE,HDPE
ZEBRA ZD 420,Others
WHITE PAPER,Paper
NEWS PAPER,Paper
AMC Start Date:- 28/02/2023 End Date:- 29/02/2024,Services
Packing,Others
